-- phpMyAdmin SQL Dump
-- version 5.2.3
-- https://www.phpmyadmin.net/
--
-- Servidor: db
-- Tiempo de generación: 09-03-2026 a las 20:01:43
-- Versión del servidor: 8.4.7
-- Versión de PHP: 8.3.28

SET SQL_MODE = "NO_AUTO_VALUE_ON_ZERO";
START TRANSACTION;
SET time_zone = "+00:00";


/*!40101 SET @OLD_CHARACTER_SET_CLIENT=@@CHARACTER_SET_CLIENT */;
/*!40101 SET @OLD_CHARACTER_SET_RESULTS=@@CHARACTER_SET_RESULTS */;
/*!40101 SET @OLD_COLLATION_CONNECTION=@@COLLATION_CONNECTION */;
/*!40101 SET NAMES utf8mb4 */;

--
-- Base de datos: `bd_patacon`
--

-- --------------------------------------------------------

--
-- Estructura de tabla para la tabla `alistamiento_has_proveedor`
--

CREATE TABLE `alistamiento_has_proveedor` (
  `id` int NOT NULL,
  `id_alistamiento` int NOT NULL,
  `id_proveedor` int NOT NULL,
  `id_recepcion` int NOT NULL,
  `lote_proveedor` varchar(150) COLLATE utf8mb4_unicode_ci NOT NULL,
  `producto` varchar(200) COLLATE utf8mb4_unicode_ci NOT NULL,
  `cantidad` float NOT NULL,
  `materia` float NOT NULL,
  `rechazo` float NOT NULL,
  `maduro` float NOT NULL
) ENGINE=InnoDB DEFAULT CHARSET=utf8mb4 COLLATE=utf8mb4_unicode_ci;

--
-- Volcado de datos para la tabla `alistamiento_has_proveedor`
--

INSERT INTO `alistamiento_has_proveedor` (`id`, `id_alistamiento`, `id_proveedor`, `id_recepcion`, `lote_proveedor`, `producto`, `cantidad`, `materia`, `rechazo`, `maduro`) VALUES
(26, 24, 7, 34, 'OSC171125', 'Comino', 28, 560, 40.1, 33),
(27, 24, 5, 35, 'NIC181125', 'Comino', 163.8, 3276, 47.3, 28.6),
(28, 25, 4, 36, 'FRU181125', 'Comino', 81.8, 1636, 38.9, 13.1),
(29, 26, 8, 37, 'DAN211125', 'Comino', 81, 1620, 8, 2.6),
(30, 26, 6, 38, 'JUA211125', 'Comino', 9, 180, 0, 0),
(31, 27, 4, 39, 'FRU221125', 'Comino', 10.35, 207, 13.3, 0),
(32, 27, 8, 51, 'DAN221125', 'Comino', 43, 860, 22.1, 14),
(33, 27, 8, 52, 'DAN221125', 'Comino', 15, 300, 22.1, 14),
(34, 27, 13, 53, 'MAZ221125', 'Comino', 45.4, 908, 16.1, 24),
(35, 28, 7, 42, 'OSC241125', 'Comino', 60.4, 1208, 6, 5),
(36, 28, 10, 54, 'ORL251125', 'Comino', 102.4, 2048, 10.4, 13.6),
(37, 29, 4, 43, 'FRU251125', 'Comino', 113.25, 2265, 5.5, 2.7),
(38, 30, 11, 44, 'MAR271125', 'Comino', 124.85, 2497, 31.8, 6.1),
(39, 31, 4, 45, 'FRU281125', 'Comino', 14.35, 287, 0, 0),
(40, 31, 8, 46, 'DAN281125', 'Comino', 120, 2400, 24.3, 2.9),
(41, 31, 11, 58, 'MAR271125', 'Comino', 5, 100, 0, 0),
(42, 32, 7, 47, 'OSC281125', 'Comino', 19.3, 386, 30.7, 0),
(43, 32, 12, 48, 'LEA291125', 'Comino', 66, 1320, 19.5, 0),
(44, 32, 8, 49, 'DAN291125', 'Comino', 102.85, 2057, 30.8, 8.3),
(46, 34, 5, 50, 'NIC241125', 'Comino', 141.8, 2836, 66.5, 68.3),
(48, 36, 8, 61, 'ASO14226', 'Comino', 16, 320, 24.7, 0),
(49, 36, 12, 64, 'CLA14226', 'Comino', 9, 180, 9.5, 0),
(50, 36, 8, 84, 'ASO13226', 'Comino', 10, 200, 9, 0),
(51, 37, 8, 62, 'ASO14226', 'Comino', 63, 1260, 87.3, 0),
(52, 37, 8, 63, 'ASO16226', 'Comino', 30, 600, 28.5, 0),
(53, 37, 12, 65, 'CLA14226', 'Comino', 52, 1040, 63.2, 0),
(54, 37, 5, 66, 'NIC15226', 'Comino', 25, 500, 5.9, 0),
(55, 37, 4, 70, 'FRU16226', 'Comino', 14.4, 288, 0, 0),
(56, 37, 72, 85, 'AGR16226', 'Comino', 8, 160, 0, 0),
(57, 38, 40, 75, 'JHO18226', 'Comino', 119.7, 2394, 121.8, 0),
(58, 38, 58, 76, 'GLO18226', 'Comino', 33, 660, 22.5, 0),
(59, 38, 39, 77, 'YEI18226', 'Comino', 35, 700, 35.9, 0),
(60, 38, 48, 78, 'YEI18226', 'Comino', 13, 260, 22.1, 0),
(61, 38, 72, 86, 'AGR18226', 'Comino', 1, 20, 0, 0),
(62, 39, 48, 79, 'YEI19226', 'Comino', 85, 1700, 48, 0),
(63, 39, 31, 80, 'GER19226', 'Comino', 144, 2880, 29, 0),
(64, 39, 72, 87, 'AGR19226', 'Comino', 1.9, 38, 0, 0),
(65, 40, 5, 68, 'NIC15226', 'Comino', 53, 1060, 57.7, 0),
(66, 40, 69, 71, 'FRU17226', 'Comino', 98.85, 1977, 152.7, 0),
(67, 40, 39, 73, 'YEI17226', 'Comino', 33, 660, 39.7, 0),
(68, 40, 4, 74, 'FRU17226', 'Comino', 17, 340, 0, 0),
(69, 40, 72, 83, 'AGR17226', 'Comino', 4.25, 85, 0, 0),
(70, 41, 45, 81, 'RIC19226', 'Comino', 24, 480, 27.6, 0),
(71, 41, 51, 82, 'ASO19226', 'Comino', 45, 900, 77.9, 0),
(72, 41, 72, 88, 'AGR20226', 'Comino', 0.75, 15, 0, 0),
(73, 41, 8, 89, 'ASO20226', 'Comino', 106.45, 2129, 144.1, 0),
(74, 42, 31, 90, 'GER21226', 'Comino', 60, 1200, 50.1, 0),
(75, 42, 8, 91, 'ASO21226', 'Comino', 96, 1920, 135.6, 0),
(76, 42, 73, 92, 'FRU20226', 'Comino', 9.7, 194, 17.2, 0),
(77, 42, 74, 93, 'FRU20226', 'Comino', 22, 440, 6, 0),
(83, 44, 5, 94, 'NIC22226', 'Comino', 127, 2540, 113, 0),
(84, 44, 8, 96, 'ASO23226', 'Comino', 50.85, 1017, 35.9, 0),
(85, 45, 42, 97, 'RIC23226', 'Comino', 10.75, 215, 7.3, 0),
(86, 45, 60, 98, 'YOS23226', 'Comino', 18, 360, 0, 0),
(87, 45, 75, 99, 'FRU23226', 'Comino', 65, 1300, 23.7, 0),
(88, 45, 76, 100, 'FRU23226', 'Comino', 71.85, 1437, 0, 0),
(89, 45, 39, 102, 'YEI24226', 'Comino', 17.7, 354, 3.2, 0),
(90, 45, 78, 103, 'INV24226', 'Comino', 20, 400, 1.5, 0),
(166, 61, 77, 104, 'LUI24226', 'Comino', 12.85, 257, 2.4, 0),
(167, 61, 78, 105, 'INV24226', 'Comino', 27, 540, 0, 0),
(168, 61, 8, 106, 'ASO25226', 'Comino', 62, 1240, 3.3, 0),
(169, 61, 46, 107, 'RAU25226', 'Comino', 84, 1680, 6.8, 0),
(170, 61, 65, 108, 'YOH25226', 'Comino', 8, 160, 0, 0),
(171, 62, 65, 126, 'YOH25226', 'Comino', 33, 660, 27.1, 0),
(172, 62, 57, 128, 'GLA25226', 'Comino', 34, 680, 31.4, 0),
(173, 62, 31, 132, 'GER26226', 'Comino', 97, 1940, 19.9, 0),
(174, 62, 12, 137, 'CLA26226', 'Comino', 36, 720, 16.4, 3.9),
(175, 63, 31, 133, 'GER26226', 'Comino', 24.9, 498, 7.8, 0),
(176, 63, 79, 134, 'FAB26226', 'Comino', 33, 660, 37.5, 5.3),
(177, 63, 49, 135, 'VIC26226', 'Comino', 68, 1360, 20, 2.4),
(178, 63, 8, 138, 'ASO27226', 'Comino', 66, 1320, 22, 0),
(179, 63, 39, 139, 'YEI27226', 'Comino', 9.2, 184, 21.6, 0),
(180, 64, 8, 142, 'ASO27226', 'Comino', 40, 800, 55.2, 0),
(181, 64, 74, 143, 'FRU27226', 'Comino', 9.35, 187, 5.4, 0),
(182, 64, 8, 144, 'ASO28226', 'Comino', 104, 2080, 121.1, 0),
(183, 64, 31, 145, 'GER28226', 'Comino', 26.55, 531, 0, 0),
(184, 65, 5, 147, 'NIC2326', 'Comino', 146.45, 2929, 93, 0.4),
(185, 66, 27, 148, 'DAN2326', 'Comino', 50, 1000, 11.7, 1.8),
(186, 66, 12, 149, 'CLA3326', 'Comino', 30, 600, 0, 0),
(187, 66, 80, 150, 'FRU2326', 'Comino', 47.7, 954, 2.9, 2.5);

-- --------------------------------------------------------

--
-- Estructura de tabla para la tabla `bodega`
--

CREATE TABLE `bodega` (
  `id` int NOT NULL,
  `fecha_produccion` date NOT NULL,
  `orden` int DEFAULT NULL,
  `tipo_a` int NOT NULL,
  `tipo_b` int NOT NULL DEFAULT '0',
  `tipo_c` int NOT NULL DEFAULT '0',
  `tipo_af` int NOT NULL DEFAULT '0',
  `tipo_bh` int NOT NULL DEFAULT '0',
  `tipo_xl` int NOT NULL DEFAULT '0',
  `tipo_cil` int NOT NULL DEFAULT '0',
  `tipo_p` int NOT NULL DEFAULT '0',
  `estado` tinyint NOT NULL DEFAULT '1'
) ENGINE=InnoDB DEFAULT CHARSET=utf8mb4 COLLATE=utf8mb4_unicode_ci;

--
-- Volcado de datos para la tabla `bodega`
--

INSERT INTO `bodega` (`id`, `fecha_produccion`, `orden`, `tipo_a`, `tipo_b`, `tipo_c`, `tipo_af`, `tipo_bh`, `tipo_xl`, `tipo_cil`, `tipo_p`, `estado`) VALUES
(12, '2025-11-18', 25, 18, 0, 0, 2, 0, 0, 0, 0, 1),
(13, '2025-11-19', 25, 77, 0, 0, 13, 0, 0, 0, 0, 1),
(14, '2025-11-21', 25, 89, 0, 0, 18, 0, 0, 0, 0, 1),
(15, '2025-11-22', 25, 91, 0, 0, 16, 0, 0, 0, 0, 1),
(16, '2025-11-24', 25, 118, 0, 0, 26, 0, 0, 8, 0, 1),
(17, '2025-11-25', 25, 109, 0, 0, 23, 0, 0, 4, 0, 1),
(18, '2025-11-26', 25, 89, 0, 0, 13, 0, 0, 8, 0, 1),
(19, '2025-11-27', 25, 106, 0, 0, 10, 0, 0, 4, 0, 1),
(20, '2025-11-28', 25, 118, 0, 0, 22, 0, 0, 4, 0, 1),
(21, '2025-11-29', 25, 116, 0, 0, 16, 0, 0, 27, 0, 1),
(31, '2026-02-14', 32, 40, 0, 0, 4, 0, 0, 0, 0, 1),
(32, '2026-02-16', 32, 137, 0, 0, 34, 0, 0, 0, 0, 1),
(33, '2026-02-20', 32, 125, 0, 0, 17, 0, 0, 0, 0, 1),
(35, '2026-02-18', 32, 164, 0, 0, 21, 0, 0, 0, 0, 1),
(36, '2026-02-17', 32, 176, 0, 0, 18, 0, 0, 0, 0, 1),
(37, '2026-02-19', 32, 223, 0, 0, 27, 0, 0, 0, 0, 1),
(38, '2026-02-21', 32, 141, 0, 0, 21, 0, 0, 0, 0, 1),
(39, '2026-02-23', 32, 320, 0, 0, 17, 0, 0, 0, 0, 1),
(40, '2026-02-24', 32, 192, 0, 0, 2, 0, 0, 0, 0, 1),
(41, '2026-02-25', 32, 168, 0, 0, 0, 0, 0, 0, 0, 1),
(42, '2026-02-27', 32, 181, 0, 0, 3, 0, 0, 0, 0, 1),
(44, '2026-02-28', 32, 135, 0, 0, 0, 0, 0, 0, 0, 1),
(45, '2026-03-02', 32, 127, 0, 0, 0, 0, 0, 0, 0, 1),
(46, '2026-03-03', 32, 19, 0, 0, 0, 0, 0, 0, 0, 1);

-- --------------------------------------------------------

--
-- Estructura de tabla para la tabla `caja_produccion`
--

CREATE TABLE `caja_produccion` (
  `id` int NOT NULL,
  `caja` varchar(255) COLLATE utf8mb4_unicode_ci NOT NULL,
  `numero_cajas` int NOT NULL,
  `peso_promedio` float NOT NULL,
  `id_produccion` int NOT NULL,
  `estado` tinyint NOT NULL DEFAULT '1'
) ENGINE=InnoDB DEFAULT CHARSET=utf8mb4 COLLATE=utf8mb4_unicode_ci;

--
-- Volcado de datos para la tabla `caja_produccion`
--

INSERT INTO `caja_produccion` (`id`, `caja`, `numero_cajas`, `peso_promedio`, `id_produccion`, `estado`) VALUES
(47, 'A', 2280, 8.25, 25, 1),
(48, 'CIL', 120, 8.25, 25, 1),
(50, 'A', 2280, 8.25, 32, 1);

-- --------------------------------------------------------

--
-- Estructura de tabla para la tabla `clientes`
--

CREATE TABLE `clientes` (
  `id` int NOT NULL,
  `nombre` varchar(100) COLLATE utf8mb4_unicode_ci NOT NULL,
  `destino` varchar(200) COLLATE utf8mb4_unicode_ci NOT NULL,
  `puerto_embarque` varchar(100) COLLATE utf8mb4_unicode_ci NOT NULL,
  `puerto_llegada` varchar(100) COLLATE utf8mb4_unicode_ci NOT NULL,
  `estado` tinyint NOT NULL DEFAULT '1'
) ENGINE=InnoDB DEFAULT CHARSET=utf8mb4 COLLATE=utf8mb4_unicode_ci;

--
-- Volcado de datos para la tabla `clientes`
--

INSERT INTO `clientes` (`id`, `nombre`, `destino`, `puerto_embarque`, `puerto_llegada`, `estado`) VALUES
(1, 'ssss', 'Estados Unidos', 'Cartagena, Colombia', 'Philadelphia, PA', 1);

-- --------------------------------------------------------

--
-- Estructura de tabla para la tabla `configuracion_aplicacion`
--

CREATE TABLE `configuracion_aplicacion` (
  `id` int NOT NULL,
  `orden_actual` int DEFAULT NULL
) ENGINE=InnoDB DEFAULT CHARSET=utf8mb4 COLLATE=utf8mb4_unicode_ci;

--
-- Volcado de datos para la tabla `configuracion_aplicacion`
--

INSERT INTO `configuracion_aplicacion` (`id`, `orden_actual`) VALUES
(1, 32);

-- --------------------------------------------------------

--
-- Estructura de tabla para la tabla `cuartos_produccion`
--

CREATE TABLE `cuartos_produccion` (
  `id` int NOT NULL,
  `nombre` varchar(255) COLLATE utf8mb4_unicode_ci NOT NULL,
  `descripcion` text COLLATE utf8mb4_unicode_ci,
  `estado` tinyint NOT NULL DEFAULT '1'
) ENGINE=InnoDB DEFAULT CHARSET=utf8mb4 COLLATE=utf8mb4_unicode_ci;

--
-- Volcado de datos para la tabla `cuartos_produccion`
--

INSERT INTO `cuartos_produccion` (`id`, `nombre`, `descripcion`, `estado`) VALUES
(4, 'Conservación 1', 'cuarto para la conservación del patacón', 1),
(5, 'Conservación 2', 'cuarto para la conservación del patacón', 1),
(6, 'Congelacion', 'cuarto para el congelamiento y conserva del patacón', 1);

-- --------------------------------------------------------

--
-- Estructura de tabla para la tabla `defectos_recepcion`
--

CREATE TABLE `defectos_recepcion` (
  `id` int NOT NULL,
  `id_recepcion` int NOT NULL,
  `defecto` varchar(150) COLLATE utf8mb4_unicode_ci NOT NULL,
  `cantidad` float NOT NULL
) ENGINE=InnoDB DEFAULT CHARSET=utf8mb4 COLLATE=utf8mb4_unicode_ci;

--
-- Volcado de datos para la tabla `defectos_recepcion`
--

INSERT INTO `defectos_recepcion` (`id`, `id_recepcion`, `defecto`, `cantidad`) VALUES
(19, 35, 'Platano Maduro', 124),
(20, 39, 'Platano Maduro', 13),
(22, 43, 'Platano Maduro', 15),
(23, 62, 'Platano Maduro', 155),
(24, 63, 'Platano Maduro', 48),
(25, 65, 'Platano Maduro', 135),
(26, 147, 'Platano Maduro', 105),
(27, 148, 'Platano Maduro', 5);

-- --------------------------------------------------------

--
-- Estructura de tabla para la tabla `detalle_alistamiento`
--

CREATE TABLE `detalle_alistamiento` (
  `id` int NOT NULL,
  `id_pelador` char(36) CHARACTER SET utf8mb4 COLLATE utf8mb4_bin NOT NULL,
  `cantidades` int NOT NULL,
  `totales` varchar(300) COLLATE utf8mb4_unicode_ci NOT NULL,
  `rechazo` float NOT NULL,
  `maduro` float NOT NULL,
  `id_alistamiento` int NOT NULL
) ENGINE=InnoDB DEFAULT CHARSET=utf8mb4 COLLATE=utf8mb4_unicode_ci;

--
-- Volcado de datos para la tabla `detalle_alistamiento`
--

INSERT INTO `detalle_alistamiento` (`id`, `id_pelador`, `cantidades`, `totales`, `rechazo`, `maduro`, `id_alistamiento`) VALUES
(232, '051e17c6-3cbb-46fd-82d3-b0df01252fd5', 23, '23/0/0/0/0/0', 17.6, 5.7, 24),
(233, '08e934bb-439e-4012-aed0-d5b0f0dd472b', 10, '10/0/0/0/0/0', 9, 0, 24),
(234, '1cfd8061-e0c2-4e2e-b29a-d147fdf8b57e', 5, '5/0/0/0/0/0', 4.1, 0, 24),
(235, '67011c81-ac28-4091-9b73-554fae4c1fb9', 7, '7/0/0/0/0/0', 15, 4.8, 24),
(236, '7af9a93f-f5fd-4ab0-a27e-d00922dc65dc', 20, '20/0/0/0/0/0', 5.4, 0, 24),
(237, '864d20e2-1c55-4e3f-802f-79e1cfd7260f', 13, '13/0/0/0/0/0', 4.9, 0, 24),
(238, '8c7a7ed2-1da6-4ae6-b8c8-96ecc97bf49a', 16, '16/0/0/0/0/0', 0, 0, 24),
(239, '9a573d72-d501-408e-8876-b16acb8dea5a', 19, '7/7/3/2/0/0', 9.1, 4.8, 24),
(240, 'a17cc72b-e091-4c2a-b505-1ea35ffa89f6', 14, '14/0/0/0/0/0', 13.4, 4.8, 24),
(241, 'b777a1fb-5c2d-446e-ab57-dc7d19f44e19', 21, '21/0/0/0/0/0', 0, 36.9, 24),
(242, 'd0977c7a-9b17-4e5b-9019-8a4a087448ca', 21, '21/0/0/0/0/0', 4.9, 4.6, 24),
(243, 'e89c90e7-60e2-4b32-b86d-99b92f78fad9', 23, '23/0/0/0/0/0', 8.1, 0, 24),
(244, '051e17c6-3cbb-46fd-82d3-b0df01252fd5', 0, '0/0/0/0/0/0', 0, 0, 25),
(245, '08e934bb-439e-4012-aed0-d5b0f0dd472b', 0, '0/0/0/0/0/0', 0, 0, 25),
(246, '1cfd8061-e0c2-4e2e-b29a-d147fdf8b57e', 8, '8/0/0/0/0/0', 5.2, 0, 25),
(247, '67011c81-ac28-4091-9b73-554fae4c1fb9', 15, '15/0/0/0/0/0', 0, 0, 25),
(248, '7af9a93f-f5fd-4ab0-a27e-d00922dc65dc', 0, '0/0/0/0/0/0', 0, 0, 25),
(249, '864d20e2-1c55-4e3f-802f-79e1cfd7260f', 0, '0/0/0/0/0/0', 0, 0, 25),
(250, '8c7a7ed2-1da6-4ae6-b8c8-96ecc97bf49a', 10, '10/0/0/0/0/0', 0, 0, 25),
(251, '9a573d72-d501-408e-8876-b16acb8dea5a', 14, '14/0/0/0/0/0', 0, 4.2, 25),
(252, 'a17cc72b-e091-4c2a-b505-1ea35ffa89f6', 19, '19/0/0/0/0/0', 23.5, 4.3, 25),
(253, 'b777a1fb-5c2d-446e-ab57-dc7d19f44e19', 16, '16/0/0/0/0/0', 10.2, 4.6, 25),
(254, 'd0977c7a-9b17-4e5b-9019-8a4a087448ca', 0, '0/0/0/0/0/0', 0, 0, 25),
(255, 'e89c90e7-60e2-4b32-b86d-99b92f78fad9', 0, '0/0/0/0/0/0', 0, 0, 25),
(256, '051e17c6-3cbb-46fd-82d3-b0df01252fd5', 12, '12/0/0/0/0/0', 0, 0, 26),
(257, '08e934bb-439e-4012-aed0-d5b0f0dd472b', 9, '9/0/0/0/0/0', 0, 2.6, 26),
(258, '1cfd8061-e0c2-4e2e-b29a-d147fdf8b57e', 2, '2/0/0/0/0/0', 0, 0, 26),
(259, '67011c81-ac28-4091-9b73-554fae4c1fb9', 9, '9/0/0/0/0/0', 0, 0, 26),
(260, '7af9a93f-f5fd-4ab0-a27e-d00922dc65dc', 12, '12/0/0/0/0/0', 0, 0, 26),
(261, '864d20e2-1c55-4e3f-802f-79e1cfd7260f', 5, '5/0/0/0/0/0', 0, 0, 26),
(262, '8c7a7ed2-1da6-4ae6-b8c8-96ecc97bf49a', 7, '7/0/0/0/0/0', 0, 0, 26),
(263, '9a573d72-d501-408e-8876-b16acb8dea5a', 0, '0/0/0/0/0/0', 0, 0, 26),
(264, 'a17cc72b-e091-4c2a-b505-1ea35ffa89f6', 11, '11/0/0/0/0/0', 4.5, 0, 26),
(265, 'b777a1fb-5c2d-446e-ab57-dc7d19f44e19', 13, '13/0/0/0/0/0', 0, 0, 26),
(266, 'd0977c7a-9b17-4e5b-9019-8a4a087448ca', 10, '10/0/0/0/0/0', 3.5, 0, 26),
(267, 'e89c90e7-60e2-4b32-b86d-99b92f78fad9', 0, '0/0/0/0/0/0', 0, 0, 26),
(268, '051e17c6-3cbb-46fd-82d3-b0df01252fd5', 15, '15/0/0/0/0/0', 12.9, 5.6, 27),
(269, '08e934bb-439e-4012-aed0-d5b0f0dd472b', 8, '8/0/0/0/0/0', 3, 4, 27),
(270, '1cfd8061-e0c2-4e2e-b29a-d147fdf8b57e', 6, '6/0/0/0/0/0', 0, 7.8, 27),
(271, '67011c81-ac28-4091-9b73-554fae4c1fb9', 17, '17/0/0/0/0/0', 4.4, 0, 27),
(272, '7af9a93f-f5fd-4ab0-a27e-d00922dc65dc', 10, '10/0/0/0/0/0', 0, 0, 27),
(273, '864d20e2-1c55-4e3f-802f-79e1cfd7260f', 9, '9/0/0/0/0/0', 2.4, 4.2, 27),
(274, '8c7a7ed2-1da6-4ae6-b8c8-96ecc97bf49a', 10, '10/0/0/0/0/0', 4.6, 6, 27),
(275, '9a573d72-d501-408e-8876-b16acb8dea5a', 0, '0/0/0/0/0/0', 0, 0, 27),
(276, 'a17cc72b-e091-4c2a-b505-1ea35ffa89f6', 14, '14/0/0/0/0/0', 14, 6, 27),
(277, 'b777a1fb-5c2d-446e-ab57-dc7d19f44e19', 13, '13/0/0/0/0/0', 10.2, 0, 27),
(278, 'd0977c7a-9b17-4e5b-9019-8a4a087448ca', 12, '12/0/0/0/0/0', 0, 4.4, 27),
(279, 'e89c90e7-60e2-4b32-b86d-99b92f78fad9', 0, '0/0/0/0/0/0', 0, 0, 27),
(280, '051e17c6-3cbb-46fd-82d3-b0df01252fd5', 20, '20/0/0/0/0/0', 0, 8, 28),
(281, '08e934bb-439e-4012-aed0-d5b0f0dd472b', 0, '0/0/0/0/0/0', 0, 0, 28),
(282, '1cfd8061-e0c2-4e2e-b29a-d147fdf8b57e', 8, '8/0/0/0/0/0', 0, 0, 28),
(283, '67011c81-ac28-4091-9b73-554fae4c1fb9', 20, '20/0/0/0/0/0', 1, 2.1, 28),
(284, '7af9a93f-f5fd-4ab0-a27e-d00922dc65dc', 20, '20/0/0/0/0/0', 0, 0, 28),
(285, '864d20e2-1c55-4e3f-802f-79e1cfd7260f', 5, '5/0/0/0/0/0', 0, 0, 28),
(286, '8c7a7ed2-1da6-4ae6-b8c8-96ecc97bf49a', 13, '13/0/0/0/0/0', 0, 0, 28),
(287, '9a573d72-d501-408e-8876-b16acb8dea5a', 0, '0/0/0/0/0/0', 0, 0, 28),
(288, 'a05f2f03-408a-462f-8f9a-2d63d5d568e6', 6, '6/0/0/0/0/0', 7, 5, 28),
(289, 'a17cc72b-e091-4c2a-b505-1ea35ffa89f6', 13, '13/0/0/0/0/0', 7, 5, 28),
(290, 'b777a1fb-5c2d-446e-ab57-dc7d19f44e19', 18, '18/0/0/0/0/0', 4.2, 0, 28),
(291, 'd0977c7a-9b17-4e5b-9019-8a4a087448ca', 18, '18/0/0/0/0/0', 0, 3.5, 28),
(292, 'e89c90e7-60e2-4b32-b86d-99b92f78fad9', 22, '22/0/0/0/0/0', 1.3, 0, 28),
(293, '051e17c6-3cbb-46fd-82d3-b0df01252fd5', 16, '16/0/0/0/0/0', 0, 0, 29),
(294, '08e934bb-439e-4012-aed0-d5b0f0dd472b', 0, '0/0/0/0/0/0', 0, 0, 29),
(295, '1cfd8061-e0c2-4e2e-b29a-d147fdf8b57e', 2, '2/0/0/0/0/0', 0, 0, 29),
(296, '67011c81-ac28-4091-9b73-554fae4c1fb9', 16, '16/0/0/0/0/0', 0, 0, 29),
(297, '7af9a93f-f5fd-4ab0-a27e-d00922dc65dc', 15, '15/0/0/0/0/0', 0, 0, 29),
(298, '864d20e2-1c55-4e3f-802f-79e1cfd7260f', 0, '0/0/0/0/0/0', 0, 0, 29),
(299, '8c7a7ed2-1da6-4ae6-b8c8-96ecc97bf49a', 16, '16/0/0/0/0/0', 0, 0, 29),
(300, '9a573d72-d501-408e-8876-b16acb8dea5a', 0, '0/0/0/0/0/0', 0, 0, 29),
(301, 'a05f2f03-408a-462f-8f9a-2d63d5d568e6', 0, '0/0/0/0/0/0', 0, 0, 29),
(302, 'a17cc72b-e091-4c2a-b505-1ea35ffa89f6', 16, '16/0/0/0/0/0', 5.5, 2.7, 29),
(303, 'b777a1fb-5c2d-446e-ab57-dc7d19f44e19', 16, '16/0/0/0/0/0', 0, 0, 29),
(304, 'd0977c7a-9b17-4e5b-9019-8a4a087448ca', 16, '16/0/0/0/0/0', 0, 0, 29),
(305, 'e89c90e7-60e2-4b32-b86d-99b92f78fad9', 0, '0/0/0/0/0/0', 0, 0, 29),
(306, '051e17c6-3cbb-46fd-82d3-b0df01252fd5', 18, '18/0/0/0/0/0', 7.1, 1.1, 30),
(307, '08e934bb-439e-4012-aed0-d5b0f0dd472b', 0, '0/0/0/0/0/0', 0, 0, 30),
(308, '1cfd8061-e0c2-4e2e-b29a-d147fdf8b57e', 8, '8/0/0/0/0/0', 0, 0, 30),
(309, '67011c81-ac28-4091-9b73-554fae4c1fb9', 14, '14/0/0/0/0/0', 0, 0, 30),
(310, '7af9a93f-f5fd-4ab0-a27e-d00922dc65dc', 0, '0/0/0/0/0/0', 2.9, 0, 30),
(311, '864d20e2-1c55-4e3f-802f-79e1cfd7260f', 0, '0/0/0/0/0/0', 0, 0, 30),
(312, '8c7a7ed2-1da6-4ae6-b8c8-96ecc97bf49a', 0, '0/0/0/0/0/0', 0, 0, 30),
(313, '9a573d72-d501-408e-8876-b16acb8dea5a', 0, '0/0/0/0/0/0', 0, 0, 30),
(314, 'a05f2f03-408a-462f-8f9a-2d63d5d568e6', 0, '0/0/0/0/0/0', 0, 0, 30),
(315, 'a17cc72b-e091-4c2a-b505-1ea35ffa89f6', 18, '18/0/0/0/0/0', 13.1, 0, 30),
(316, 'b777a1fb-5c2d-446e-ab57-dc7d19f44e19', 12, '12/0/0/0/0/0', 0, 1, 30),
(317, 'd0977c7a-9b17-4e5b-9019-8a4a087448ca', 16, '16/0/0/0/0/0', 7.2, 1, 30),
(318, 'e36df088-9f76-475a-b669-86196c05f39f', 14, '14/0/0/0/0/0', 1.5, 3, 30),
(319, 'e89c90e7-60e2-4b32-b86d-99b92f78fad9', 19, '19/0/0/0/0/0', 3.6, 1.6, 30),
(320, '051e17c6-3cbb-46fd-82d3-b0df01252fd5', 16, '16/0/0/0/0/0', 1.7, 0, 31),
(321, '08e934bb-439e-4012-aed0-d5b0f0dd472b', 0, '0/0/0/0/0/0', 0, 0, 31),
(322, '1cfd8061-e0c2-4e2e-b29a-d147fdf8b57e', 8, '8/0/0/0/0/0', 0.8, 0, 31),
(323, '67011c81-ac28-4091-9b73-554fae4c1fb9', 16, '16/0/0/0/0/0', 4.5, 0, 31),
(324, '7af9a93f-f5fd-4ab0-a27e-d00922dc65dc', 18, '18/0/0/0/0/0', 0.8, 0.9, 31),
(325, '864d20e2-1c55-4e3f-802f-79e1cfd7260f', 0, '0/0/0/0/0/0', 0, 0, 31),
(326, '8c7a7ed2-1da6-4ae6-b8c8-96ecc97bf49a', 11, '11/0/0/0/0/0', 1.9, 0, 31),
(327, '9a573d72-d501-408e-8876-b16acb8dea5a', 0, '0/0/0/0/0/0', 0, 0, 31),
(328, 'a05f2f03-408a-462f-8f9a-2d63d5d568e6', 0, '0/0/0/0/0/0', 0, 0, 31),
(329, 'a17cc72b-e091-4c2a-b505-1ea35ffa89f6', 11, '11/0/0/0/0/0', 0, 0, 31),
(330, 'b777a1fb-5c2d-446e-ab57-dc7d19f44e19', 16, '16/0/0/0/0/0', 3.5, 0, 31),
(331, 'd0977c7a-9b17-4e5b-9019-8a4a087448ca', 15, '15/0/0/0/0/0', 2, 0, 31),
(332, 'e36df088-9f76-475a-b669-86196c05f39f', 12, '12/0/0/0/0/0', 9.1, 2, 31),
(333, 'e89c90e7-60e2-4b32-b86d-99b92f78fad9', 16, '16/0/0/0/0/0', 0, 0, 31),
(334, '051e17c6-3cbb-46fd-82d3-b0df01252fd5', 22, '22/0/0/0/0/0', 11.6, 0, 32),
(335, '08e934bb-439e-4012-aed0-d5b0f0dd472b', 0, '0/0/0/0/0/0', 0, 0, 32),
(336, '1cfd8061-e0c2-4e2e-b29a-d147fdf8b57e', 0, '0/0/0/0/0/0', 0, 0, 32),
(337, '67011c81-ac28-4091-9b73-554fae4c1fb9', 23, '23/0/0/0/0/0', 7, 0, 32),
(338, '7af9a93f-f5fd-4ab0-a27e-d00922dc65dc', 21, '21/0/0/0/0/0', 1.9, 0, 32),
(339, '864d20e2-1c55-4e3f-802f-79e1cfd7260f', 0, '0/0/0/0/0/0', 0, 0, 32),
(340, '8c7a7ed2-1da6-4ae6-b8c8-96ecc97bf49a', 14, '14/0/0/0/0/0', 1.1, 0, 32),
(341, '9a573d72-d501-408e-8876-b16acb8dea5a', 15, '15/0/0/0/0/0', 2, 2.6, 32),
(342, 'a05f2f03-408a-462f-8f9a-2d63d5d568e6', 0, '0/0/0/0/0/0', 0, 0, 32),
(343, 'a17cc72b-e091-4c2a-b505-1ea35ffa89f6', 20, '20/0/0/0/0/0', 29.6, 0, 32),
(344, 'b777a1fb-5c2d-446e-ab57-dc7d19f44e19', 17, '17/0/0/0/0/0', 3, 0, 32),
(345, 'd0977c7a-9b17-4e5b-9019-8a4a087448ca', 18, '18/0/0/0/0/0', 13.9, 0, 32),
(346, 'e36df088-9f76-475a-b669-86196c05f39f', 15, '15/0/0/0/0/0', 10.9, 0, 32),
(347, 'e89c90e7-60e2-4b32-b86d-99b92f78fad9', 22, '22/0/0/0/0/0', 0, 5.7, 32),
(362, '051e17c6-3cbb-46fd-82d3-b0df01252fd5', 17, '17/0/0/0/0/0', 3, 17.4, 34),
(363, '08e934bb-439e-4012-aed0-d5b0f0dd472b', 0, '0/0/0/0/0/0', 0, 0, 34),
(364, '1cfd8061-e0c2-4e2e-b29a-d147fdf8b57e', 7, '7/0/0/0/0/0', 3.6, 3.2, 34),
(365, '67011c81-ac28-4091-9b73-554fae4c1fb9', 19, '19/0/0/0/0/0', 7.2, 7.8, 34),
(366, '7af9a93f-f5fd-4ab0-a27e-d00922dc65dc', 16, '16/0/0/0/0/0', 3.7, 2.3, 34),
(367, '864d20e2-1c55-4e3f-802f-79e1cfd7260f', 9, '9/0/0/0/0/0', 7.4, 11.4, 34),
(368, '8c7a7ed2-1da6-4ae6-b8c8-96ecc97bf49a', 12, '12/0/0/0/0/0', 7.3, 0, 34),
(369, '9a573d72-d501-408e-8876-b16acb8dea5a', 0, '0/0/0/0/0/0', 0, 0, 34),
(370, 'a05f2f03-408a-462f-8f9a-2d63d5d568e6', 0, '0/0/0/0/0/0', 0, 0, 34),
(371, 'a17cc72b-e091-4c2a-b505-1ea35ffa89f6', 17, '17/0/0/0/0/0', 15.9, 7.6, 34),
(372, 'b777a1fb-5c2d-446e-ab57-dc7d19f44e19', 14, '14/0/0/0/0/0', 4, 6.7, 34),
(373, 'd0977c7a-9b17-4e5b-9019-8a4a087448ca', 16, '16/0/0/0/0/0', 3.2, 4.7, 34),
(374, 'e36df088-9f76-475a-b669-86196c05f39f', 14, '14/0/0/0/0/0', 11.2, 7.2, 34),
(375, 'e89c90e7-60e2-4b32-b86d-99b92f78fad9', 0, '0/0/0/0/0/0', 0, 0, 34),
(390, '051e17c6-3cbb-46fd-82d3-b0df01252fd5', 12, '12/0/0/0/0/0', 6.5, 0, 36),
(391, '08e934bb-439e-4012-aed0-d5b0f0dd472b', 0, '0/0/0/0/0/0', 0, 0, 36),
(392, '1cfd8061-e0c2-4e2e-b29a-d147fdf8b57e', 0, '0/0/0/0/0/0', 0, 0, 36),
(393, '67011c81-ac28-4091-9b73-554fae4c1fb9', 0, '0/0/0/0/0/0', 0, 0, 36),
(394, '7af9a93f-f5fd-4ab0-a27e-d00922dc65dc', 0, '0/0/0/0/0/0', 0, 0, 36),
(395, '864d20e2-1c55-4e3f-802f-79e1cfd7260f', 0, '0/0/0/0/0/0', 0, 0, 36),
(396, '8c7a7ed2-1da6-4ae6-b8c8-96ecc97bf49a', 0, '0/0/0/0/0/0', 0, 0, 36),
(397, '9a573d72-d501-408e-8876-b16acb8dea5a', 0, '0/0/0/0/0/0', 0, 0, 36),
(398, 'a05f2f03-408a-462f-8f9a-2d63d5d568e6', 0, '0/0/0/0/0/0', 0, 0, 36),
(399, 'a17cc72b-e091-4c2a-b505-1ea35ffa89f6', 0, '0/0/0/0/0/0', 0, 0, 36),
(400, 'b777a1fb-5c2d-446e-ab57-dc7d19f44e19', 12, '12/0/0/0/0/0', 11, 0, 36),
(401, 'd0977c7a-9b17-4e5b-9019-8a4a087448ca', 0, '0/0/0/0/0/0', 0, 0, 36),
(402, 'e36df088-9f76-475a-b669-86196c05f39f', 11, '11/0/0/0/0/0', 25.7, 0, 36),
(403, 'e89c90e7-60e2-4b32-b86d-99b92f78fad9', 0, '0/0/0/0/0/0', 0, 0, 36),
(404, '051e17c6-3cbb-46fd-82d3-b0df01252fd5', 23, '23/0/0/0/0/0', 13.1, 0, 37),
(405, '08e934bb-439e-4012-aed0-d5b0f0dd472b', 0, '0/0/0/0/0/0', 0, 0, 37),
(406, '1cfd8061-e0c2-4e2e-b29a-d147fdf8b57e', 0, '0/0/0/0/0/0', 0, 0, 37),
(407, '67011c81-ac28-4091-9b73-554fae4c1fb9', 19, '19/0/0/0/0/0', 12.3, 0, 37),
(408, '7af9a93f-f5fd-4ab0-a27e-d00922dc65dc', 21, '21/0/0/0/0/0', 14.1, 0, 37),
(409, '864d20e2-1c55-4e3f-802f-79e1cfd7260f', 7, '7/0/0/0/0/0', 9.7, 0, 37),
(410, '8c7a7ed2-1da6-4ae6-b8c8-96ecc97bf49a', 0, '0/0/0/0/0/0', 0, 0, 37),
(411, '9a573d72-d501-408e-8876-b16acb8dea5a', 20, '20/0/0/0/0/0', 12.6, 0, 37),
(412, 'a05f2f03-408a-462f-8f9a-2d63d5d568e6', 0, '0/0/0/0/0/0', 0, 0, 37),
(413, 'a17cc72b-e091-4c2a-b505-1ea35ffa89f6', 19, '19/0/0/0/0/0', 56.8, 0, 37),
(414, 'b777a1fb-5c2d-446e-ab57-dc7d19f44e19', 21, '21/0/0/0/0/0', 18.1, 0, 37),
(415, 'c1d547da-fd89-4163-a23e-8563d6eb1b8e', 7, '7/0/0/0/0/0', 0, 0, 37),
(416, 'd0977c7a-9b17-4e5b-9019-8a4a087448ca', 22, '22/0/0/0/0/0', 13.7, 0, 37),
(417, 'e36df088-9f76-475a-b669-86196c05f39f', 9, '9/0/0/0/0/0', 9.3, 0, 37),
(418, 'e89c90e7-60e2-4b32-b86d-99b92f78fad9', 24, '24/0/0/0/0/0', 25.2, 0, 37),
(419, '051e17c6-3cbb-46fd-82d3-b0df01252fd5', 22, '22/0/0/0/0/0', 17.2, 0, 38),
(420, '08e934bb-439e-4012-aed0-d5b0f0dd472b', 0, '0/0/0/0/0/0', 0, 0, 38),
(421, '1cfd8061-e0c2-4e2e-b29a-d147fdf8b57e', 0, '0/0/0/0/0/0', 0, 0, 38),
(422, '67011c81-ac28-4091-9b73-554fae4c1fb9', 25, '25/0/0/0/0/0', 18.9, 0, 38),
(423, '7af9a93f-f5fd-4ab0-a27e-d00922dc65dc', 24, '24/0/0/0/0/0', 18.3, 0, 38),
(424, '864d20e2-1c55-4e3f-802f-79e1cfd7260f', 0, '0/0/0/0/0/0', 0, 0, 38),
(425, '8c7a7ed2-1da6-4ae6-b8c8-96ecc97bf49a', 0, '0/0/0/0/0/0', 0, 0, 38),
(426, '9a573d72-d501-408e-8876-b16acb8dea5a', 23, '23/0/0/0/0/0', 35.4, 0, 38),
(427, 'a05f2f03-408a-462f-8f9a-2d63d5d568e6', 0, '0/0/0/0/0/0', 0, 0, 38),
(428, 'a17cc72b-e091-4c2a-b505-1ea35ffa89f6', 21, '21/0/0/0/0/0', 19, 0, 38),
(429, 'b777a1fb-5c2d-446e-ab57-dc7d19f44e19', 21, '21/0/0/0/0/0', 19, 0, 38),
(430, 'c1d547da-fd89-4163-a23e-8563d6eb1b8e', 1, '1/0/0/0/0/0', 0, 0, 38),
(431, 'd0977c7a-9b17-4e5b-9019-8a4a087448ca', 24, '24/0/0/0/0/0', 15.8, 0, 38),
(432, 'e36df088-9f76-475a-b669-86196c05f39f', 15, '15/0/0/0/0/0', 23.7, 0, 38),
(433, 'e89c90e7-60e2-4b32-b86d-99b92f78fad9', 25, '25/0/0/0/0/0', 35, 0, 38),
(434, '051e17c6-3cbb-46fd-82d3-b0df01252fd5', 28, '28/0/0/0/0/0', 9.7, 0, 39),
(435, '08e934bb-439e-4012-aed0-d5b0f0dd472b', 0, '0/0/0/0/0/0', 0, 0, 39),
(436, '1cfd8061-e0c2-4e2e-b29a-d147fdf8b57e', 0, '0/0/0/0/0/0', 0, 0, 39),
(437, '67011c81-ac28-4091-9b73-554fae4c1fb9', 30, '30/0/0/0/0/0', 11.1, 0, 39),
(438, '7af9a93f-f5fd-4ab0-a27e-d00922dc65dc', 27, '27/0/0/0/0/0', 8.3, 0, 39),
(439, '864d20e2-1c55-4e3f-802f-79e1cfd7260f', 0, '0/0/0/0/0/0', 0, 0, 39),
(440, '8c7a7ed2-1da6-4ae6-b8c8-96ecc97bf49a', 0, '0/0/0/0/0/0', 0, 0, 39),
(441, '9a573d72-d501-408e-8876-b16acb8dea5a', 22, '22/0/0/0/0/0', 13.2, 0, 39),
(442, 'a05f2f03-408a-462f-8f9a-2d63d5d568e6', 9, '9/0/0/0/0/0', 0, 0, 39),
(443, 'a17cc72b-e091-4c2a-b505-1ea35ffa89f6', 23, '23/0/0/0/0/0', 9.8, 0, 39),
(444, 'b777a1fb-5c2d-446e-ab57-dc7d19f44e19', 27, '27/0/0/0/0/0', 6.8, 0, 39),
(445, 'c1d547da-fd89-4163-a23e-8563d6eb1b8e', 2, '2/0/0/0/0/0', 0, 0, 39),
(446, 'd0977c7a-9b17-4e5b-9019-8a4a087448ca', 24, '24/0/0/0/0/0', 2, 0, 39),
(447, 'e36df088-9f76-475a-b669-86196c05f39f', 12, '12/0/0/0/0/0', 0, 0, 39),
(448, 'e89c90e7-60e2-4b32-b86d-99b92f78fad9', 26, '26/0/0/0/0/0', 16.1, 0, 39),
(449, '051e17c6-3cbb-46fd-82d3-b0df01252fd5', 24, '24/0/0/0/0/0', 35.2, 0, 40),
(450, '08e934bb-439e-4012-aed0-d5b0f0dd472b', 0, '0/0/0/0/0/0', 0, 0, 40),
(451, '1cfd8061-e0c2-4e2e-b29a-d147fdf8b57e', 0, '0/0/0/0/0/0', 0, 0, 40),
(452, '67011c81-ac28-4091-9b73-554fae4c1fb9', 24, '24/0/0/0/0/0', 39.4, 0, 40),
(453, '7af9a93f-f5fd-4ab0-a27e-d00922dc65dc', 24, '24/0/0/0/0/0', 30.3, 0, 40),
(454, '864d20e2-1c55-4e3f-802f-79e1cfd7260f', 0, '0/0/0/0/0/0', 0, 0, 40),
(455, '8c7a7ed2-1da6-4ae6-b8c8-96ecc97bf49a', 0, '0/0/0/0/0/0', 0, 0, 40),
(456, '9a573d72-d501-408e-8876-b16acb8dea5a', 21, '21/0/0/0/0/0', 12.8, 0, 40),
(457, 'a05f2f03-408a-462f-8f9a-2d63d5d568e6', 0, '0/0/0/0/0/0', 0, 0, 40),
(458, 'a17cc72b-e091-4c2a-b505-1ea35ffa89f6', 20, '20/0/0/0/0/0', 38.4, 0, 40),
(459, 'b777a1fb-5c2d-446e-ab57-dc7d19f44e19', 23, '23/0/0/0/0/0', 18.5, 0, 40),
(460, 'c1d547da-fd89-4163-a23e-8563d6eb1b8e', 5, '5/0/0/0/0/0', 0, 0, 40),
(461, 'd0977c7a-9b17-4e5b-9019-8a4a087448ca', 23, '23/0/0/0/0/0', 28.2, 0, 40),
(462, 'e36df088-9f76-475a-b669-86196c05f39f', 11, '11/0/0/0/0/0', 9.5, 0, 40),
(463, 'e89c90e7-60e2-4b32-b86d-99b92f78fad9', 31, '31/0/0/0/0/0', 37.8, 0, 40),
(464, '051e17c6-3cbb-46fd-82d3-b0df01252fd5', 19, '19/0/0/0/0/0', 22.6, 0, 41),
(465, '08e934bb-439e-4012-aed0-d5b0f0dd472b', 0, '0/0/0/0/0/0', 0, 0, 41),
(466, '1cfd8061-e0c2-4e2e-b29a-d147fdf8b57e', 0, '0/0/0/0/0/0', 0, 0, 41),
(467, '67011c81-ac28-4091-9b73-554fae4c1fb9', 23, '23/0/0/0/0/0', 39.6, 0, 41),
(468, '7af9a93f-f5fd-4ab0-a27e-d00922dc65dc', 18, '18/0/0/0/0/0', 0, 0, 41),
(469, '864d20e2-1c55-4e3f-802f-79e1cfd7260f', 0, '0/0/0/0/0/0', 0, 0, 41),
(470, '8c7a7ed2-1da6-4ae6-b8c8-96ecc97bf49a', 0, '0/0/0/0/0/0', 0, 0, 41),
(471, '9a573d72-d501-408e-8876-b16acb8dea5a', 18, '18/0/0/0/0/0', 39.6, 0, 41),
(472, 'a05f2f03-408a-462f-8f9a-2d63d5d568e6', 11, '11/0/0/0/0/0', 4.1, 0, 41),
(473, 'a17cc72b-e091-4c2a-b505-1ea35ffa89f6', 20, '20/0/0/0/0/0', 21.8, 0, 41),
(474, 'b777a1fb-5c2d-446e-ab57-dc7d19f44e19', 18, '18/0/0/0/0/0', 23.1, 0, 41),
(475, 'c1d547da-fd89-4163-a23e-8563d6eb1b8e', 1, '1/0/0/0/0/0', 0, 0, 41),
(476, 'd0977c7a-9b17-4e5b-9019-8a4a087448ca', 18, '18/0/0/0/0/0', 19.6, 0, 41),
(477, 'e36df088-9f76-475a-b669-86196c05f39f', 8, '8/0/0/0/0/0', 17.8, 0, 41),
(478, 'e89c90e7-60e2-4b32-b86d-99b92f78fad9', 22, '22/0/0/0/0/0', 61.4, 0, 41),
(479, '051e17c6-3cbb-46fd-82d3-b0df01252fd5', 21, '21/0/0/0/0/0', 39.4, 0, 42),
(480, '08e934bb-439e-4012-aed0-d5b0f0dd472b', 0, '0/0/0/0/0/0', 0, 0, 42),
(481, '1cfd8061-e0c2-4e2e-b29a-d147fdf8b57e', 0, '0/0/0/0/0/0', 0, 0, 42),
(482, '67011c81-ac28-4091-9b73-554fae4c1fb9', 24, '24/0/0/0/0/0', 31.8, 0, 42),
(483, '7af9a93f-f5fd-4ab0-a27e-d00922dc65dc', 22, '22/0/0/0/0/0', 0, 0, 42),
(484, '864d20e2-1c55-4e3f-802f-79e1cfd7260f', 0, '0/0/0/0/0/0', 0, 0, 42),
(485, '8c7a7ed2-1da6-4ae6-b8c8-96ecc97bf49a', 0, '0/0/0/0/0/0', 0, 0, 42),
(486, '9a573d72-d501-408e-8876-b16acb8dea5a', 20, '20/0/0/0/0/0', 0, 0, 42),
(487, 'a05f2f03-408a-462f-8f9a-2d63d5d568e6', 0, '0/0/0/0/0/0', 0, 0, 42),
(488, 'a17cc72b-e091-4c2a-b505-1ea35ffa89f6', 20, '20/0/0/0/0/0', 11.1, 0, 42),
(489, 'b777a1fb-5c2d-446e-ab57-dc7d19f44e19', 22, '22/0/0/0/0/0', 41.6, 0, 42),
(490, 'c1d547da-fd89-4163-a23e-8563d6eb1b8e', 0, '0/0/0/0/0/0', 0, 0, 42),
(491, 'd0977c7a-9b17-4e5b-9019-8a4a087448ca', 22, '22/0/0/0/0/0', 30.2, 0, 42),
(492, 'e36df088-9f76-475a-b669-86196c05f39f', 13, '13/0/0/0/0/0', 32.5, 0, 42),
(493, 'e89c90e7-60e2-4b32-b86d-99b92f78fad9', 23, '23/0/0/0/0/0', 22.3, 0, 42),
(509, '051e17c6-3cbb-46fd-82d3-b0df01252fd5', 25, '25/0/0/0/0/0', 11.3, 0, 44),
(510, '08e934bb-439e-4012-aed0-d5b0f0dd472b', 0, '0/0/0/0/0/0', 0, 0, 44),
(511, '1cfd8061-e0c2-4e2e-b29a-d147fdf8b57e', 0, '0/0/0/0/0/0', 0, 0, 44),
(512, '67011c81-ac28-4091-9b73-554fae4c1fb9', 25, '25/0/0/0/0/0', 6.3, 0, 44),
(513, '7af9a93f-f5fd-4ab0-a27e-d00922dc65dc', 25, '25/0/0/0/0/0', 6.7, 0, 44),
(514, '864d20e2-1c55-4e3f-802f-79e1cfd7260f', 0, '0/0/0/0/0/0', 0, 0, 44),
(515, '8c7a7ed2-1da6-4ae6-b8c8-96ecc97bf49a', 0, '0/0/0/0/0/0', 0, 0, 44),
(516, '9a573d72-d501-408e-8876-b16acb8dea5a', 21, '21/0/0/0/0/0', 21.1, 0, 44),
(517, 'a05f2f03-408a-462f-8f9a-2d63d5d568e6', 0, '0/0/0/0/0/0', 0, 0, 44),
(518, 'a17cc72b-e091-4c2a-b505-1ea35ffa89f6', 9, '9/0/0/0/0/0', 35.3, 0, 44),
(519, 'b777a1fb-5c2d-446e-ab57-dc7d19f44e19', 23, '23/0/0/0/0/0', 0, 0, 44),
(520, 'c1d547da-fd89-4163-a23e-8563d6eb1b8e', 0, '0/0/0/0/0/0', 0, 0, 44),
(521, 'd0977c7a-9b17-4e5b-9019-8a4a087448ca', 24, '24/0/0/0/0/0', 48.2, 0, 44),
(522, 'e36df088-9f76-475a-b669-86196c05f39f', 0, '0/0/0/0/0/0', 0, 0, 44),
(523, 'e89c90e7-60e2-4b32-b86d-99b92f78fad9', 25, '25/0/0/0/0/0', 20, 0, 44),
(524, '051e17c6-3cbb-46fd-82d3-b0df01252fd5', 23, '23/0/0/0/0/0', 1.5, 0, 45),
(525, '08e934bb-439e-4012-aed0-d5b0f0dd472b', 0, '0/0/0/0/0/0', 0, 0, 45),
(526, '1cfd8061-e0c2-4e2e-b29a-d147fdf8b57e', 0, '0/0/0/0/0/0', 0, 0, 45),
(527, '67011c81-ac28-4091-9b73-554fae4c1fb9', 27, '27/0/0/0/0/0', 3, 0, 45),
(528, '7af9a93f-f5fd-4ab0-a27e-d00922dc65dc', 24, '24/0/0/0/0/0', 4.3, 0, 45),
(529, '864d20e2-1c55-4e3f-802f-79e1cfd7260f', 0, '0/0/0/0/0/0', 0, 0, 45),
(530, '8c7a7ed2-1da6-4ae6-b8c8-96ecc97bf49a', 0, '0/0/0/0/0/0', 0, 0, 45),
(531, '9a573d72-d501-408e-8876-b16acb8dea5a', 21, '21/0/0/0/0/0', 2.3, 0, 45),
(532, 'a05f2f03-408a-462f-8f9a-2d63d5d568e6', 0, '0/0/0/0/0/0', 0, 0, 45),
(533, 'a17cc72b-e091-4c2a-b505-1ea35ffa89f6', 19, '19/0/0/0/0/0', 0, 0, 45),
(534, 'b777a1fb-5c2d-446e-ab57-dc7d19f44e19', 22, '22/0/0/0/0/0', 4.4, 0, 45),
(535, 'c1d547da-fd89-4163-a23e-8563d6eb1b8e', 0, '0/0/0/0/0/0', 0, 0, 45),
(536, 'd0977c7a-9b17-4e5b-9019-8a4a087448ca', 21, '21/0/0/0/0/0', 7.3, 0, 45),
(537, 'e36df088-9f76-475a-b669-86196c05f39f', 17, '17/0/0/0/0/0', 3.2, 0, 45),
(538, 'e89c90e7-60e2-4b32-b86d-99b92f78fad9', 27, '27/0/0/0/0/0', 9.7, 0, 45),
(764, '051e17c6-3cbb-46fd-82d3-b0df01252fd5', 23, '23/0/0/0/0/0', 6.8, 0, 61),
(765, '08e934bb-439e-4012-aed0-d5b0f0dd472b', 0, '0/0/0/0/0/0', 0, 0, 61),
(766, '1cfd8061-e0c2-4e2e-b29a-d147fdf8b57e', 0, '0/0/0/0/0/0', 0, 0, 61),
(767, '67011c81-ac28-4091-9b73-554fae4c1fb9', 28, '28/0/0/0/0/0', 2.4, 0, 61),
(768, '7af9a93f-f5fd-4ab0-a27e-d00922dc65dc', 24, '24/0/0/0/0/0', 0, 0, 61),
(769, '864d20e2-1c55-4e3f-802f-79e1cfd7260f', 0, '0/0/0/0/0/0', 0, 0, 61),
(770, '8c7a7ed2-1da6-4ae6-b8c8-96ecc97bf49a', 0, '0/0/0/0/0/0', 0, 0, 61),
(771, '9a573d72-d501-408e-8876-b16acb8dea5a', 21, '21/0/0/0/0/0', 0, 0, 61),
(772, 'a05f2f03-408a-462f-8f9a-2d63d5d568e6', 11, '11/0/0/0/0/0', 3.3, 0, 61),
(773, 'a17cc72b-e091-4c2a-b505-1ea35ffa89f6', 11, '11/0/0/0/0/0', 0, 0, 61),
(774, 'b777a1fb-5c2d-446e-ab57-dc7d19f44e19', 25, '25/0/0/0/0/0', 0, 0, 61),
(775, 'c1d547da-fd89-4163-a23e-8563d6eb1b8e', 0, '0/0/0/0/0/0', 0, 0, 61),
(776, 'd0977c7a-9b17-4e5b-9019-8a4a087448ca', 25, '25/0/0/0/0/0', 0, 0, 61),
(777, 'e36df088-9f76-475a-b669-86196c05f39f', 0, '0/0/0/0/0/0', 0, 0, 61),
(778, 'e89c90e7-60e2-4b32-b86d-99b92f78fad9', 25, '25/0/0/0/0/0', 0, 0, 61),
(779, '051e17c6-3cbb-46fd-82d3-b0df01252fd5', 24, '24/0/0/0/0/0', 46, 0, 62),
(780, '08e934bb-439e-4012-aed0-d5b0f0dd472b', 0, '0/0/0/0/0/0', 0, 0, 62),
(781, '1cfd8061-e0c2-4e2e-b29a-d147fdf8b57e', 0, '0/0/0/0/0/0', 0, 0, 62),
(782, '67011c81-ac28-4091-9b73-554fae4c1fb9', 26, '26/0/0/0/0/0', 9, 0, 62),
(783, '7af9a93f-f5fd-4ab0-a27e-d00922dc65dc', 24, '24/0/0/0/0/0', 6.2, 0, 62),
(784, '864d20e2-1c55-4e3f-802f-79e1cfd7260f', 0, '0/0/0/0/0/0', 0, 0, 62),
(785, '8c7a7ed2-1da6-4ae6-b8c8-96ecc97bf49a', 0, '0/0/0/0/0/0', 0, 0, 62),
(786, '9a573d72-d501-408e-8876-b16acb8dea5a', 22, '22/0/0/0/0/0', 0, 3.9, 62),
(787, 'a05f2f03-408a-462f-8f9a-2d63d5d568e6', 0, '0/0/0/0/0/0', 0, 0, 62),
(788, 'a17cc72b-e091-4c2a-b505-1ea35ffa89f6', 21, '21/0/0/0/0/0', 10.6, 0, 62),
(789, 'b777a1fb-5c2d-446e-ab57-dc7d19f44e19', 24, '24/0/0/0/0/0', 4.6, 0, 62),
(790, 'c1d547da-fd89-4163-a23e-8563d6eb1b8e', 0, '0/0/0/0/0/0', 0, 0, 62),
(791, 'd0977c7a-9b17-4e5b-9019-8a4a087448ca', 23, '23/0/0/0/0/0', 8.5, 0, 62),
(792, 'e36df088-9f76-475a-b669-86196c05f39f', 10, '10/0/0/0/0/0', 5.8, 0, 62),
(793, 'e89c90e7-60e2-4b32-b86d-99b92f78fad9', 26, '26/0/0/0/0/0', 4.1, 0, 62),
(794, '051e17c6-3cbb-46fd-82d3-b0df01252fd5', 0, '0/0/0/0/0/0', 0, 0, 63),
(795, '08e934bb-439e-4012-aed0-d5b0f0dd472b', 0, '0/0/0/0/0/0', 0, 0, 63),
(796, '1cfd8061-e0c2-4e2e-b29a-d147fdf8b57e', 0, '0/0/0/0/0/0', 0, 0, 63),
(797, '67011c81-ac28-4091-9b73-554fae4c1fb9', 31, '31/0/0/0/0/0', 9.6, 0, 63),
(798, '7af9a93f-f5fd-4ab0-a27e-d00922dc65dc', 23, '23/0/0/0/0/0', 10.5, 2.4, 63),
(799, '864d20e2-1c55-4e3f-802f-79e1cfd7260f', 0, '0/0/0/0/0/0', 0, 0, 63),
(800, '8c7a7ed2-1da6-4ae6-b8c8-96ecc97bf49a', 0, '0/0/0/0/0/0', 0, 0, 63),
(801, '9a573d72-d501-408e-8876-b16acb8dea5a', 23, '23/0/0/0/0/0', 17, 0, 63),
(802, 'a05f2f03-408a-462f-8f9a-2d63d5d568e6', 0, '0/0/0/0/0/0', 0, 0, 63),
(803, 'a17cc72b-e091-4c2a-b505-1ea35ffa89f6', 23, '23/0/0/0/0/0', 35, 0, 63),
(804, 'b777a1fb-5c2d-446e-ab57-dc7d19f44e19', 26, '26/0/0/0/0/0', 13.5, 0, 63),
(805, 'c1d547da-fd89-4163-a23e-8563d6eb1b8e', 0, '0/0/0/0/0/0', 0, 0, 63),
(806, 'd0977c7a-9b17-4e5b-9019-8a4a087448ca', 24, '24/0/0/0/0/0', 6.9, 5.3, 63),
(807, 'e36df088-9f76-475a-b669-86196c05f39f', 20, '20/0/0/0/0/0', 9.4, 0, 63),
(808, 'e89c90e7-60e2-4b32-b86d-99b92f78fad9', 30, '30/0/0/0/0/0', 7, 0, 63),
(809, '051e17c6-3cbb-46fd-82d3-b0df01252fd5', 0, '0/0/0/0/0/0', 0, 0, 64),
(810, '08e934bb-439e-4012-aed0-d5b0f0dd472b', 0, '0/0/0/0/0/0', 0, 0, 64),
(811, '1cfd8061-e0c2-4e2e-b29a-d147fdf8b57e', 0, '0/0/0/0/0/0', 0, 0, 64),
(812, '67011c81-ac28-4091-9b73-554fae4c1fb9', 32, '32/0/0/0/0/0', 52.1, 0, 64),
(813, '7af9a93f-f5fd-4ab0-a27e-d00922dc65dc', 26, '26/0/0/0/0/0', 25.4, 0, 64),
(814, '864d20e2-1c55-4e3f-802f-79e1cfd7260f', 0, '0/0/0/0/0/0', 0, 0, 64),
(815, '8c7a7ed2-1da6-4ae6-b8c8-96ecc97bf49a', 0, '0/0/0/0/0/0', 0, 0, 64),
(816, '9a573d72-d501-408e-8876-b16acb8dea5a', 23, '23/0/0/0/0/0', 7.6, 0, 64),
(817, 'a05f2f03-408a-462f-8f9a-2d63d5d568e6', 0, '0/0/0/0/0/0', 0, 0, 64),
(818, 'a17cc72b-e091-4c2a-b505-1ea35ffa89f6', 21, '21/0/0/0/0/0', 56, 0, 64),
(819, 'b777a1fb-5c2d-446e-ab57-dc7d19f44e19', 24, '24/0/0/0/0/0', 18.6, 0, 64),
(820, 'c1d547da-fd89-4163-a23e-8563d6eb1b8e', 0, '0/0/0/0/0/0', 0, 0, 64),
(821, 'd0977c7a-9b17-4e5b-9019-8a4a087448ca', 24, '24/0/0/0/0/0', 12.5, 0, 64),
(822, 'e36df088-9f76-475a-b669-86196c05f39f', 0, '0/0/0/0/0/0', 0, 0, 64),
(823, 'e89c90e7-60e2-4b32-b86d-99b92f78fad9', 29, '29/0/0/0/0/0', 9.5, 0, 64),
(824, '051e17c6-3cbb-46fd-82d3-b0df01252fd5', 19, '19/0/0/0/0/0', 10.2, 0, 65),
(825, '08e934bb-439e-4012-aed0-d5b0f0dd472b', 0, '0/0/0/0/0/0', 0, 0, 65),
(826, '1cfd8061-e0c2-4e2e-b29a-d147fdf8b57e', 0, '0/0/0/0/0/0', 0, 0, 65),
(827, '67011c81-ac28-4091-9b73-554fae4c1fb9', 12, '12/0/0/0/0/0', 2.5, 0, 65),
(828, '7af9a93f-f5fd-4ab0-a27e-d00922dc65dc', 19, '19/0/0/0/0/0', 11.3, 0, 65),
(829, '864d20e2-1c55-4e3f-802f-79e1cfd7260f', 0, '0/0/0/0/0/0', 0, 0, 65),
(830, '8c7a7ed2-1da6-4ae6-b8c8-96ecc97bf49a', 0, '0/0/0/0/0/0', 0, 0, 65),
(831, '9a573d72-d501-408e-8876-b16acb8dea5a', 17, '17/0/0/0/0/0', 19.9, 0.4, 65),
(832, 'a05f2f03-408a-462f-8f9a-2d63d5d568e6', 0, '0/0/0/0/0/0', 0, 0, 65),
(833, 'a17cc72b-e091-4c2a-b505-1ea35ffa89f6', 20, '20/0/0/0/0/0', 31.5, 0, 65),
(834, 'b777a1fb-5c2d-446e-ab57-dc7d19f44e19', 20, '20/0/0/0/0/0', 8.7, 0, 65),
(835, 'c1d547da-fd89-4163-a23e-8563d6eb1b8e', 0, '0/0/0/0/0/0', 0, 0, 65),
(836, 'd0977c7a-9b17-4e5b-9019-8a4a087448ca', 19, '19/0/0/0/0/0', 8.9, 0, 65),
(837, 'e36df088-9f76-475a-b669-86196c05f39f', 0, '0/0/0/0/0/0', 0, 0, 65),
(838, 'e89c90e7-60e2-4b32-b86d-99b92f78fad9', 20, '20/0/0/0/0/0', 0, 0, 65),
(839, '051e17c6-3cbb-46fd-82d3-b0df01252fd5', 20, '20/0/0/0/0/0', 2.9, 0, 66),
(840, '08e934bb-439e-4012-aed0-d5b0f0dd472b', 0, '0/0/0/0/0/0', 0, 0, 66),
(841, '1cfd8061-e0c2-4e2e-b29a-d147fdf8b57e', 0, '0/0/0/0/0/0', 0, 0, 66),
(842, '67011c81-ac28-4091-9b73-554fae4c1fb9', 0, '0/0/0/0/0/0', 0, 0, 66),
(843, '7af9a93f-f5fd-4ab0-a27e-d00922dc65dc', 19, '19/0/0/0/0/0', 2.2, 0, 66),
(844, '864d20e2-1c55-4e3f-802f-79e1cfd7260f', 0, '0/0/0/0/0/0', 0, 0, 66),
(845, '8c7a7ed2-1da6-4ae6-b8c8-96ecc97bf49a', 0, '0/0/0/0/0/0', 0, 0, 66),
(846, '9a573d72-d501-408e-8876-b16acb8dea5a', 19, '19/0/0/0/0/0', 1.5, 1.9, 66),
(847, 'a05f2f03-408a-462f-8f9a-2d63d5d568e6', 0, '0/0/0/0/0/0', 0, 0, 66),
(848, 'a17cc72b-e091-4c2a-b505-1ea35ffa89f6', 17, '17/0/0/0/0/0', 3.7, 0.6, 66),
(849, 'b777a1fb-5c2d-446e-ab57-dc7d19f44e19', 16, '16/0/0/0/0/0', 0, 1.8, 66),
(850, 'c1d547da-fd89-4163-a23e-8563d6eb1b8e', 0, '0/0/0/0/0/0', 0, 0, 66),
(851, 'd0977c7a-9b17-4e5b-9019-8a4a087448ca', 18, '18/0/0/0/0/0', 3.1, 0, 66),
(852, 'e36df088-9f76-475a-b669-86196c05f39f', 0, '0/0/0/0/0/0', 0, 0, 66),
(853, 'e89c90e7-60e2-4b32-b86d-99b92f78fad9', 18, '18/0/0/0/0/0', 1.2, 0, 66);

-- --------------------------------------------------------

--
-- Estructura de tabla para la tabla `detalle_caja_empaque`
--

CREATE TABLE `detalle_caja_empaque` (
  `id` int NOT NULL,
  `id_empaque` int NOT NULL,
  `caja` varchar(150) COLLATE utf8mb4_unicode_ci NOT NULL,
  `cantidad` int NOT NULL
) ENGINE=InnoDB DEFAULT CHARSET=utf8mb4 COLLATE=utf8mb4_unicode_ci;

--
-- Volcado de datos para la tabla `detalle_caja_empaque`
--

INSERT INTO `detalle_caja_empaque` (`id`, `id_empaque`, `caja`, `cantidad`) VALUES
(43, 26, 'A', 18),
(44, 26, 'AF', 2),
(45, 27, 'A', 77),
(46, 27, 'AF', 13),
(47, 28, 'A', 89),
(48, 28, 'AF', 18),
(49, 29, 'A', 91),
(50, 29, 'AF', 16),
(51, 30, 'A', 118),
(52, 30, 'AF', 26),
(53, 30, 'CIL', 8),
(54, 31, 'A', 109),
(55, 31, 'AF', 23),
(56, 31, 'CIL', 4),
(57, 32, 'CIL', 8),
(58, 32, 'A', 89),
(59, 32, 'AF', 13),
(60, 33, 'A', 106),
(61, 33, 'AF', 10),
(62, 33, 'CIL', 4),
(63, 34, 'A', 118),
(64, 34, 'AF', 22),
(65, 34, 'CIL', 4),
(66, 35, 'A', 116),
(67, 35, 'AF', 16),
(68, 35, 'CIL', 27),
(71, 38, 'A', 40),
(72, 38, 'AF', 4),
(73, 39, 'A', 40),
(74, 39, 'AF', 25),
(77, 41, 'A', 125),
(78, 41, 'AF', 17),
(79, 42, 'A', 174),
(80, 42, 'AF', 23),
(81, 43, 'A', 263),
(82, 43, 'AF', 25),
(83, 44, 'A', 223),
(84, 44, 'AF', 27),
(85, 45, 'A', 271),
(86, 45, 'AF', 38),
(87, 46, 'A', 176),
(88, 46, 'AF', 2),
(89, 47, 'A', 112),
(90, 48, 'A', 549),
(91, 48, 'AF', 3),
(92, 49, 'A', 175);

-- --------------------------------------------------------

--
-- Estructura de tabla para la tabla `detalle_corte`
--

CREATE TABLE `detalle_corte` (
  `id` int NOT NULL,
  `id_corte` int NOT NULL,
  `id_proveedor` int NOT NULL,
  `lote_proveedor` varchar(255) COLLATE utf8mb4_unicode_ci DEFAULT NULL,
  `tipo` varchar(5) COLLATE utf8mb4_unicode_ci NOT NULL,
  `materia` float NOT NULL
) ENGINE=InnoDB DEFAULT CHARSET=utf8mb4 COLLATE=utf8mb4_unicode_ci;

--
-- Volcado de datos para la tabla `detalle_corte`
--

INSERT INTO `detalle_corte` (`id`, `id_corte`, `id_proveedor`, `lote_proveedor`, `tipo`, `materia`) VALUES
(59, 20, 7, '', 'A', 217),
(60, 20, 7, '', 'AF', 65),
(61, 20, 5, '', 'A', 1446),
(62, 20, 5, '', 'AF', 330),
(63, 20, 5, '', 'XL', 42),
(64, 21, 4, '', 'A', 722),
(65, 21, 4, '', 'AF', 154),
(66, 22, 8, '', 'A', 708),
(67, 22, 8, '', 'AF', 149),
(68, 22, 6, '', 'A', 83),
(69, 22, 6, '', 'AF', 19),
(87, 30, 8, '', 'A', 543),
(88, 30, 8, '', 'AF', 127),
(89, 30, 13, '', 'A', 420),
(90, 30, 13, '', 'AF', 83),
(91, 30, 4, '', 'A', 99),
(92, 30, 4, '', 'AF', 19),
(93, 31, 7, '', 'A', 504),
(94, 31, 7, '', 'AF', 157),
(95, 31, 10, '', 'A', 740),
(96, 31, 10, '', 'AF', 250),
(97, 32, 4, '', 'A', 777),
(98, 32, 4, '', 'AF', 285),
(99, 33, 11, '', 'A', 1044),
(100, 33, 11, '', 'AF', 260),
(101, 34, 4, '', 'A', 160),
(102, 34, 4, '', 'AF', 99),
(103, 34, 11, '', 'A', 43),
(104, 34, 11, '', 'AF', 10),
(105, 34, 8, '', 'A', 968),
(106, 34, 8, '', 'AF', 194),
(107, 34, 8, '', 'CIL', 20),
(108, 35, 7, '', 'A', 79),
(109, 35, 7, '', 'AF', 47),
(110, 35, 12, '', 'A', 580),
(111, 35, 12, '', 'AF', 155),
(112, 35, 8, '', 'A', 729),
(113, 35, 8, '', 'AF', 137),
(114, 35, 8, '', 'CIL', 238),
(115, 36, 5, '', 'A', 1206),
(116, 36, 5, '', 'AF', 300),
(117, 36, 5, '', 'CIL', 82),
(118, 31, 10, '', 'CIL', 80),
(145, 43, 5, '', 'A', 462),
(146, 43, 5, '', 'AF', 79),
(149, 43, 39, '', 'A', 204),
(150, 43, 39, '', 'AF', 34),
(151, 43, 4, '', 'A', 225),
(152, 43, 4, '', 'AF', 30),
(190, 54, 8, 'ASO14226', 'A', 556),
(191, 54, 8, 'ASO14226', 'AF', 110),
(192, 54, 12, 'CLA14226', 'A', 429),
(193, 54, 12, 'CLA14226', 'AF', 80),
(194, 54, 8, 'ASO16226', 'A', 274),
(195, 54, 8, 'ASO16226', 'AF', 45),
(196, 54, 5, 'NIC15226', 'A', 231),
(197, 54, 5, 'NIC15226', 'AF', 36),
(201, 55, 39, 'YEI18226', 'A', 349),
(202, 55, 39, 'YEI18226', 'AF', 51),
(203, 55, 40, 'JHO18226', 'A', 1112),
(204, 55, 40, 'JHO18226', 'AF', 189),
(209, 55, 72, 'AGR18226', 'XL', 12),
(210, 43, 72, 'AGR17226', 'XL', 39),
(211, 56, 48, 'YEI19226', 'A', 841),
(212, 56, 48, 'YEI19226', 'AF', 123),
(213, 56, 31, 'GER19226', 'A', 1366),
(214, 56, 31, 'GER19226', 'AF', 185),
(215, 56, 72, 'AGR19226', 'XL', 20),
(216, 57, 8, 'ASO13226', 'A', 91),
(217, 57, 8, 'ASO13226', 'AF', 21),
(218, 57, 12, 'CLA14226', 'A', 71),
(219, 57, 12, 'CLA14226', 'AF', 11),
(220, 57, 8, 'ASO14226', 'A', 131),
(221, 57, 8, 'ASO14226', 'AF', 34),
(222, 58, 45, 'RIC19226', 'A', 128),
(223, 58, 45, 'RIC19226', 'AF', 35),
(224, 58, 51, 'ASO19226', 'A', 322),
(225, 58, 51, 'ASO19226', 'AF', 45),
(226, 58, 8, 'ASO20226', 'A', 941),
(227, 58, 8, 'ASO20226', 'AF', 128),
(228, 58, 72, 'AGR20226', 'XL', 8),
(229, 54, 4, 'FRU16226', 'A', 140),
(230, 54, 4, 'FRU16226', 'AF', 19),
(231, 54, 72, 'AGR16226', 'XL', 117),
(232, 43, 69, 'FRU17226', 'A', 889),
(233, 43, 69, 'FRU17226', 'AF', 145),
(234, 55, 48, 'YEI18226', 'A', 110),
(235, 55, 48, 'YEI18226', 'AF', 33),
(236, 55, 58, 'GLO18226', 'A', 260),
(237, 55, 58, 'GLO18226', 'AF', 34),
(238, 59, 74, 'FRU20226', 'A', 120),
(239, 59, 74, 'FRU20226', 'AF', 19),
(240, 59, 73, 'FRU20226', 'A', 88),
(241, 59, 73, 'FRU20226', 'AF', 14),
(242, 59, 31, 'GER21226', 'A', 479),
(243, 59, 31, 'GER21226', 'AF', 79),
(244, 59, 8, 'ASO21226', 'A', 888),
(245, 59, 8, 'ASO21226', 'AF', 127),
(246, 60, 5, 'NIC22226', 'A', 1051),
(247, 60, 5, 'NIC22226', 'AF', 236),
(248, 60, 8, 'ASO23226', 'A', 491),
(249, 60, 8, 'ASO23226', 'AF', 102),
(250, 61, 77, 'LUI24226', 'A', 119),
(251, 61, 77, 'LUI24226', 'AF', 19),
(252, 61, 78, 'INV24226', 'A', 317),
(253, 61, 78, 'INV24226', 'AF', 50),
(254, 61, 8, 'ASO25226', 'A', 509),
(255, 61, 8, 'ASO25226', 'AF', 117),
(256, 61, 46, 'RAU25226', 'A', 817),
(257, 61, 46, 'RAU25226', 'AF', 130),
(260, 62, 42, 'RIC23226', 'A', 110),
(261, 62, 42, 'RIC23226', 'AF', 14),
(262, 62, 60, 'YOS23226', 'A', 159),
(263, 62, 60, 'YOS23226', 'AF', 27),
(264, 62, 75, 'FRU23226', 'A', 603),
(265, 62, 75, 'FRU23226', 'AF', 89),
(266, 62, 76, 'FRU23226', 'A', 744),
(267, 62, 76, 'FRU23226', 'AF', 140),
(268, 62, 39, 'YEI24226', 'A', 188),
(269, 62, 39, 'YEI24226', 'AF', 24),
(270, 62, 78, 'INV24226', 'A', 108),
(271, 62, 78, 'INV24226', 'AF', 19),
(272, 61, 65, 'YOH25226', 'A', 64),
(273, 61, 65, 'YOH25226', 'AF', 13),
(274, 63, 65, 'YOH25226', 'A', 297),
(275, 63, 65, 'YOH25226', 'AF', 58),
(276, 63, 57, 'GLA25226', 'A', 269),
(277, 63, 57, 'GLA25226', 'AF', 53),
(278, 63, 12, 'CLA26226', 'A', 235),
(279, 63, 12, 'CLA26226', 'AF', 64),
(280, 63, 31, 'GER26226', 'A', 930),
(281, 63, 31, 'GER26226', 'AF', 141),
(282, 64, 31, 'GER26226', 'A', 274),
(283, 64, 31, 'GER26226', 'AF', 31),
(284, 64, 79, 'FAB26226', 'A', 295),
(285, 64, 79, 'FAB26226', 'AF', 61),
(286, 64, 39, 'YEI27226', 'A', 82),
(287, 64, 39, 'YEI27226', 'AF', 16),
(288, 64, 49, 'VIC26226', 'A', 634),
(289, 64, 49, 'VIC26226', 'AF', 123),
(290, 64, 8, 'ASO27226', 'A', 623),
(291, 64, 8, 'ASO27226', 'AF', 103),
(292, 65, 8, 'ASO27226', 'A', 371),
(293, 65, 8, 'ASO27226', 'AF', 54),
(294, 65, 31, 'GER28226', 'A', 230),
(295, 65, 31, 'GER28226', 'AF', 42),
(296, 65, 74, 'FRU27226', 'A', 74),
(297, 65, 74, 'FRU27226', 'AF', 18),
(300, 65, 8, 'ASO28226', 'A', 903),
(301, 65, 8, 'ASO28226', 'AF', 70),
(302, 65, 8, 'ASO28226', 'CIL', 116),
(303, 60, 72, 'AGR23226', 'XL', 30),
(304, 66, 5, 'NIC2326', 'A', 1323),
(305, 66, 5, 'NIC2326', 'AF', 222),
(306, 67, 27, 'DAN2326', 'A', 465),
(307, 67, 27, 'DAN2326', 'AF', 75),
(308, 67, 80, 'FRU2326', 'A', 323),
(309, 67, 80, 'FRU2326', 'AF', 42),
(310, 67, 80, 'FRU2326', 'CIL', 115),
(311, 67, 12, 'CLA3326', 'A', 343),
(312, 67, 12, 'CLA3326', 'AF', 43),
(313, 67, 12, 'CLA3326', 'CIL', 18);

-- --------------------------------------------------------

--
-- Estructura de tabla para la tabla `detalle_empaque`
--

CREATE TABLE `detalle_empaque` (
  `id` int NOT NULL,
  `id_empaque` int NOT NULL,
  `fecha_empaque` date NOT NULL,
  `fecha_produccion` date NOT NULL,
  `lote_produccion` varchar(150) COLLATE utf8mb4_unicode_ci NOT NULL,
  `tipo` varchar(50) COLLATE utf8mb4_unicode_ci NOT NULL,
  `numero_canastas` int NOT NULL,
  `total_cajas` int NOT NULL,
  `migas_empaque` float NOT NULL,
  `total_rechazo` float NOT NULL,
  `peso_kg` float NOT NULL
) ENGINE=InnoDB DEFAULT CHARSET=utf8mb4 COLLATE=utf8mb4_unicode_ci;

--
-- Volcado de datos para la tabla `detalle_empaque`
--

INSERT INTO `detalle_empaque` (`id`, `id_empaque`, `fecha_empaque`, `fecha_produccion`, `lote_produccion`, `tipo`, `numero_canastas`, `total_cajas`, `migas_empaque`, `total_rechazo`, `peso_kg`) VALUES
(48, 26, '2025-12-24', '2025-11-18', 'CA20251118', 'A', 16, 18, 0, 1, 148.5),
(49, 26, '2025-12-24', '2025-11-18', 'CAF20251118', 'AF', 2, 2, 0, 0, 16.5),
(50, 27, '2025-11-24', '2025-11-19', 'CA20251119', 'A', 56, 77, 5, 10.3, 635.25),
(51, 27, '2025-11-24', '2025-11-19', 'CAF20251119', 'AF', 12, 13, 0, 0, 107.25),
(52, 28, '2025-11-26', '2025-11-21', 'CA20251121', 'A', 73, 89, 5, 6.3, 734.25),
(53, 28, '2025-11-26', '2025-11-21', 'CAF20251121', 'AF', 10, 18, 0, 0, 148.5),
(54, 29, '2025-11-27', '2025-11-22', 'CA20251122', 'A', 73, 91, 0, 0, 750.75),
(55, 29, '2025-11-27', '2025-11-22', 'CAF20251122', 'AF', 20, 16, 0, 0, 132),
(56, 30, '2025-12-01', '2025-11-24', 'CA20251124', 'A', 105, 118, 7, 9, 973.5),
(57, 30, '2025-12-01', '2025-11-24', 'CAF20251124', 'AF', 24, 26, 0, 0, 214.5),
(58, 30, '2025-12-01', '2025-11-24', 'CCIL20251124', 'CIL', 7, 8, 0, 0, 66),
(59, 31, '2025-12-01', '2025-11-25', 'CA20251125', 'A', 97, 109, 0, 0, 899.25),
(60, 31, '2025-12-01', '2025-11-25', 'CAF20251125', 'AF', 27, 23, 0, 0, 189.75),
(61, 31, '2025-12-01', '2025-11-25', 'CCIL20251125', 'CIL', 3, 4, 0, 0, 33),
(62, 32, '2025-12-03', '2025-11-26', 'CCIL20251126', 'CIL', 9, 8, 0, 0, 66),
(63, 32, '2025-12-03', '2025-11-26', 'CA20251126', 'A', 78, 89, 5.9, 7.2, 734.25),
(64, 32, '2025-12-03', '2025-11-26', 'CAF20251126', 'AF', 13, 13, 0, 0, 107.25),
(65, 33, '2025-12-04', '2025-11-27', 'CA20251127', 'A', 101, 106, 11.5, 31.3, 874.5),
(66, 33, '2025-12-04', '2025-11-27', 'CAF20251127', 'AF', 9, 10, 0, 0, 82.5),
(67, 33, '2025-12-04', '2025-11-27', 'CCIL20251127', 'CIL', 3, 4, 0, 0, 33),
(68, 34, '2025-12-05', '2025-11-28', 'CA20251128', 'A', 102, 118, 12.6, 13.6, 973.5),
(69, 34, '2025-12-05', '2025-11-28', 'CAF20251128', 'AF', 21, 22, 0, 0, 181.5),
(70, 34, '2025-12-05', '2025-11-28', 'CCIL20251128', 'CIL', 4, 4, 0, 0, 33),
(71, 35, '2025-12-05', '2025-11-29', 'CA20251129', 'A', 112, 116, 0, 0, 957),
(72, 35, '2025-12-05', '2025-11-29', 'CAF20251129', 'AF', 15, 16, 0, 0, 132),
(73, 35, '2025-12-05', '2025-11-29', 'CCIL20251129', 'CIL', 27, 27, 0, 0, 222.75),
(76, 38, '2026-02-18', '2026-02-14', 'CA20260214', 'A', 31, 40, 13, 31, 330),
(77, 38, '2026-02-18', '2026-02-14', 'CAF20260214', 'AF', 6, 4, 0, 0, 33),
(78, 39, '2026-02-20', '2026-02-16', 'CA20260216', 'A', 35, 40, 0, 0, 330),
(79, 39, '2026-02-20', '2026-02-16', 'CAF20260216', 'AF', 20, 25, 3, 8, 206.25),
(82, 41, '2026-02-26', '2026-02-20', 'CA20260220', 'A', 114, 125, 9, 18.9, 1031.25),
(83, 41, '2026-02-26', '2026-02-20', 'CAF20260220', 'AF', 15, 17, 0, 0, 140.25),
(84, 42, '2026-02-21', '2026-02-16', 'CA20260216', 'A', 82, 97, 6, 11, 800.25),
(85, 42, '2026-02-21', '2026-02-16', 'CAF20260216', 'AF', 8, 9, 0, 0, 74.25),
(86, 42, '2026-02-21', '2026-02-17', 'CA20260217', 'A', 30, 39, 7, 12, 321.75),
(87, 42, '2026-02-21', '2026-02-17', 'CAF20260217', 'AF', 5, 4, 0, 0, 33),
(88, 42, '2026-02-21', '2026-02-18', 'CA20260218', 'A', 30, 38, 0, 0, 313.5),
(89, 42, '2026-02-21', '2026-02-18', 'CAF20260218', 'AF', 8, 10, 0, 0, 82.5),
(90, 43, '2026-02-23', '2026-02-17', 'CA20260217', 'A', 121, 137, 0, 0, 1130.25),
(91, 43, '2026-02-23', '2026-02-17', 'CAF20260217', 'AF', 12, 14, 0, 0, 115.5),
(92, 43, '2026-02-23', '2026-02-18', 'CA20260218', 'A', 119, 126, 0, 0, 1039.5),
(93, 43, '2026-02-23', '2026-02-18', 'CAF20260218', 'AF', 7, 11, 0, 0, 90.75),
(94, 44, '2026-02-24', '2026-02-19', 'CA20260219', 'A', 193, 223, 12, 20.7, 1839.75),
(95, 44, '2026-02-24', '2026-02-19', 'CAF20260219', 'AF', 23, 27, 0, 0, 222.75),
(96, 45, '2026-02-27', '2026-02-21', 'CA20260221', 'A', 84, 141, 0, 0, 1163.25),
(97, 45, '2026-02-27', '2026-02-21', 'CAF20260221', 'AF', 18, 21, 4, 15.8, 173.25),
(98, 45, '2026-02-27', '2026-02-23', 'CA20260223', 'A', 125, 130, 0, 0, 1072.5),
(99, 45, '2026-02-27', '2026-02-23', 'CAF20260223', 'AF', 17, 17, 0, 0, 140.25),
(100, 46, '2026-02-28', '2026-02-24', 'CA20260224', 'A', 160, 176, 0, 0, 1452),
(101, 46, '2026-02-28', '2026-02-24', 'CAF20260224', 'AF', 2, 2, 0, 0, 16.5),
(102, 47, '2026-03-02', '2026-02-25', 'CA20260225', 'A', 86, 96, 0, 0, 792),
(103, 47, '2026-03-02', '2026-02-24', 'CA20260224', 'A', 16, 16, 0, 0, 132),
(104, 48, '2026-03-03', '2026-02-25', 'CA20260225', 'A', 68, 72, 0, 0, 594),
(105, 48, '2026-03-03', '2026-02-23', 'CA20260226', 'A', 167, 190, 0, 0, 1567.5),
(106, 48, '2026-03-03', '2026-02-27', 'CA20260227', 'A', 162, 181, 0, 0, 1493.25),
(107, 48, '2026-03-03', '2026-02-27', 'CAF20260227', 'AF', 3, 3, 0, 0, 24.75),
(108, 48, '2026-03-03', '2026-02-28', 'CA20260228', 'A', 96, 106, 0, 0, 874.5),
(109, 49, '2026-03-04', '2026-03-02', 'CA20260302', 'A', 111, 127, 0, 0, 1047.75),
(110, 49, '2026-03-04', '2026-02-28', 'CA20260228', 'A', 27, 29, 0, 0, 239.25),
(111, 49, '2026-03-04', '2026-03-03', 'CA20260303', 'A', 19, 19, 0, 0, 156.75);

-- --------------------------------------------------------

--
-- Estructura de tabla para la tabla `detalle_fritura_proveedor`
--

CREATE TABLE `detalle_fritura_proveedor` (
  `id` int NOT NULL,
  `id_fritura` int NOT NULL,
  `id_proceso` int NOT NULL,
  `id_proveedor` int NOT NULL,
  `lote_produccion` varchar(150) COLLATE utf8mb4_unicode_ci NOT NULL,
  `lote_proveedor` varchar(150) COLLATE utf8mb4_unicode_ci NOT NULL,
  `tipo` varchar(150) COLLATE utf8mb4_unicode_ci NOT NULL,
  `peso` float NOT NULL,
  `canastas` int NOT NULL
) ENGINE=InnoDB DEFAULT CHARSET=utf8mb4 COLLATE=utf8mb4_unicode_ci;

--
-- Volcado de datos para la tabla `detalle_fritura_proveedor`
--

INSERT INTO `detalle_fritura_proveedor` (`id`, `id_fritura`, `id_proceso`, `id_proveedor`, `lote_produccion`, `lote_proveedor`, `tipo`, `peso`, `canastas`) VALUES
(122, 23, 32, 7, 'CA20251118', 'OSC171125CA', 'A', 83.6, 8),
(123, 23, 32, 7, 'CA20251118', 'OSC171125CA', 'A', 85.4, 8),
(124, 23, 32, 7, 'CAF20251118', 'OSC171125CAF', 'AF', 38.2, 4),
(125, 23, 33, 5, 'CA20251118', 'NIC181125CA', 'A', 74.6, 7),
(126, 23, 33, 5, 'CA20251118', 'NIC181125CA', 'A', 80.5, 7),
(127, 23, 33, 5, 'CA20251118', 'NIC181125CA', 'A', 82.1, 7),
(128, 23, 33, 5, 'CA20251118', 'NIC181125CA', 'A', 77.3, 7),
(129, 23, 33, 5, 'CA20251118', 'NIC181125CA', 'A', 69, 7),
(130, 23, 33, 5, 'CA20251118', 'NIC181125CA', 'A', 72.9, 7),
(131, 23, 33, 5, 'CA20251118', 'NIC181125CA', 'A', 79.3, 7),
(132, 23, 33, 5, 'CA20251118', 'NIC181125CA', 'A', 77.2, 7),
(133, 23, 33, 5, 'CA20251118', 'NIC181125CA', 'A', 75, 7),
(134, 23, 33, 5, 'CA20251118', 'NIC181125CA', 'A', 73.8, 7),
(135, 23, 33, 5, 'CA20251118', 'NIC181125CA', 'A', 76, 7),
(136, 23, 33, 5, 'CA20251118', 'NIC181125CA', 'A', 73, 7),
(137, 23, 33, 5, 'CA20251118', 'NIC181125CA', 'A', 73.4, 7),
(138, 23, 33, 5, 'CA20251118', 'NIC181125CA', 'A', 72.9, 7),
(139, 23, 33, 5, 'CA20251118', 'NIC181125CA', 'A', 78.1, 7),
(140, 23, 33, 5, 'CA20251118', 'NIC181125CA', 'A', 75.8, 7),
(141, 23, 33, 5, 'CA20251118', 'NIC181125CA', 'A', 77.1, 7),
(142, 23, 33, 5, 'CXL20251118', 'NIC181125CXL', 'XL', 44.2, 6),
(143, 23, 33, 5, 'CA20251118', 'NIC181125CA', 'A', 76.4, 7),
(144, 23, 33, 5, 'CA20251118', 'NIC181125CA', 'A', 36, 3),
(145, 23, 33, 5, 'CAF20251118', 'NIC181125CAF', 'AF', 82.2, 7),
(146, 23, 33, 5, 'CAF20251118', 'NIC181125CAF', 'AF', 83.4, 7),
(147, 23, 33, 5, 'CAF20251118', 'NIC181125CAF', 'AF', 86.3, 7),
(148, 23, 33, 5, 'CAF20251118', 'NIC181125CAF', 'AF', 42, 4),
(149, 24, 34, 4, 'CA20251119', 'FRU181125CA', 'A', 88.6, 7),
(150, 24, 34, 4, 'CA20251119', 'FRU181125CA', 'A', 75.9, 7),
(151, 24, 34, 4, 'CA20251119', 'FRU181125CA', 'A', 76.3, 7),
(152, 24, 34, 4, 'CA20251119', 'FRU181125CA', 'A', 74.4, 7),
(153, 24, 34, 4, 'CA20251119', 'FRU181125CA', 'A', 74.4, 7),
(154, 24, 34, 4, 'CA20251119', 'FRU181125CA', 'A', 74.7, 7),
(155, 24, 34, 4, 'CA20251119', 'FRU181125CA', 'A', 76.9, 7),
(156, 24, 34, 4, 'CA20251119', 'FRU181125CA', 'A', 73.7, 7),
(157, 24, 34, 4, 'CAF20251119', 'FRU181125CAF', 'AF', 136.3, 12),
(158, 25, 35, 8, 'CA20251121', 'DAN211125CA', 'A', 79.6, 7),
(159, 25, 35, 8, 'CA20251121', 'DAN211125CA', 'A', 77.7, 7),
(160, 25, 35, 8, 'CA20251121', 'DAN211125CA', 'A', 77, 7),
(161, 25, 35, 8, 'CA20251121', 'DAN211125CA', 'A', 83, 7),
(162, 25, 35, 8, 'CA20251121', 'DAN211125CA', 'A', 80.7, 7),
(163, 25, 35, 8, 'CA20251121', 'DAN211125CA', 'A', 77, 7),
(164, 25, 35, 8, 'CA20251121', 'DAN211125CA', 'A', 80.6, 7),
(165, 25, 35, 8, 'CA20251121', 'DAN211125CA', 'A', 59, 6),
(166, 25, 35, 8, 'CA20251121', 'DAN211125CA', 'A', 83.5, 7),
(167, 25, 35, 8, 'CA20251121', 'DAN211125CA', 'A', 38, 3),
(168, 25, 35, 8, 'CAF20251121', 'DAN211125CAF', 'AF', 98.1, 8),
(169, 25, 36, 6, 'CA20251121', 'JUA211125CA', 'A', 83.2, 8),
(170, 25, 36, 6, 'CAF20251121', 'JUA211125CAF', 'AF', 17.2, 2),
(171, 26, 37, 8, 'CA20251122', 'DAN221125CA', 'A', 77.8, 7),
(172, 26, 37, 8, 'CA20251122', 'DAN221125CA', 'A', 44.2, 3),
(173, 26, 37, 8, 'CAF20251122', 'DAN221125CAF', 'AF', 32.5, 3),
(174, 26, 38, 13, 'CA20251122', 'MAZ221125CA', 'A', 73.1, 7),
(175, 26, 38, 13, 'CA20251122', 'MAZ221125CA', 'A', 76.4, 7),
(176, 26, 38, 13, 'CA20251122', 'MAZ221125CA', 'A', 80, 7),
(177, 26, 38, 13, 'CA20251122', 'MAZ221125CA', 'A', 72.5, 7),
(178, 26, 38, 13, 'CAF20251122', 'MAZ221125CAF', 'AF', 41, 3),
(179, 26, 39, 4, 'CA20251122', 'FRU221125CA', 'A', 79.1, 7),
(180, 26, 39, 4, 'CAF20251122', 'FRU221125CAF', 'AF', 30.6, 3),
(181, 26, 40, 8, 'CA20251122', 'DAN221125CA', 'A', 80.3, 7),
(182, 26, 40, 8, 'CA20251122', 'DAN221125CA', 'A', 77.6, 7),
(183, 26, 40, 8, 'CA20251122', 'DAN221125CA', 'A', 83.4, 7),
(184, 26, 40, 8, 'CA20251122', 'DAN221125CA', 'A', 80.1, 7),
(185, 26, 40, 8, 'CAF20251122', 'DAN221125CAF', 'AF', 45.3, 4),
(186, 26, 40, 8, 'CAF20251122', 'DAN221125CAF', 'AF', 92.1, 7),
(187, 27, 41, 5, 'CA20251124', 'NIC241125CA', 'A', 80.3, 7),
(188, 27, 41, 5, 'CA20251124', 'NIC241125CA', 'A', 81.7, 7),
(189, 27, 41, 5, 'CA20251124', 'NIC241125CA', 'A', 75.1, 7),
(190, 27, 41, 5, 'CA20251124', 'NIC241125CA', 'A', 79.3, 7),
(191, 27, 41, 5, 'CA20251124', 'NIC241125CA', 'A', 77.8, 7),
(192, 27, 41, 5, 'CA20251124', 'NIC241125CA', 'A', 78.4, 7),
(193, 27, 41, 5, 'CA20251124', 'NIC241125CA', 'A', 80.2, 7),
(194, 27, 41, 5, 'CA20251124', 'NIC241125CA', 'A', 78.9, 7),
(195, 27, 41, 5, 'CA20251124', 'NIC241125CA', 'A', 77.7, 7),
(196, 27, 41, 5, 'CA20251124', 'NIC241125CA', 'A', 77.6, 7),
(197, 27, 41, 5, 'CA20251124', 'NIC241125CA', 'A', 76.8, 7),
(198, 27, 41, 5, 'CA20251124', 'NIC241125CA', 'A', 80.6, 7),
(199, 27, 41, 5, 'CA20251124', 'NIC241125CA', 'A', 77, 7),
(200, 27, 41, 5, 'CA20251124', 'NIC241125CA', 'A', 78, 7),
(201, 27, 41, 5, 'CA20251124', 'NIC241125CA', 'A', 78.5, 7),
(202, 27, 41, 5, 'CAF20251124', 'NIC241125CAF', 'AF', 81.3, 7),
(203, 27, 41, 5, 'CAF20251124', 'NIC241125CAF', 'AF', 78.3, 7),
(204, 27, 41, 5, 'CAF20251124', 'NIC241125CAF', 'AF', 63.6, 5),
(205, 27, 41, 5, 'CAF20251124', 'NIC241125CAF', 'AF', 53.1, 5),
(206, 27, 41, 5, 'CCIL20251124', 'NIC241125CCIL', 'CIL', 82.9, 7),
(207, 28, 42, 7, 'CAF20251125', 'OSC241125CAF', 'AF', 63.2, 6),
(208, 28, 42, 7, 'CAF20251125', 'OSC241125CAF', 'AF', 76.1, 7),
(209, 28, 42, 7, 'CA20251125', 'OSC241125CA', 'A', 88.8, 8),
(210, 28, 42, 7, 'CA20251125', 'OSC241125CA', 'A', 89.7, 8),
(211, 28, 42, 7, 'CA20251125', 'OSC241125CA', 'A', 75.8, 7),
(212, 28, 42, 7, 'CA20251125', 'OSC241125CA', 'A', 78.8, 7),
(213, 28, 42, 7, 'CA20251125', 'OSC241125CA', 'A', 76.9, 7),
(214, 28, 43, 10, 'CA20251125', 'ORL251125CA', 'A', 77.9, 7),
(215, 28, 43, 10, 'CA20251125', 'ORL251125CA', 'A', 83.6, 7),
(216, 28, 43, 10, 'CA20251125', 'ORL251125CA', 'A', 75, 7),
(217, 28, 43, 10, 'CA20251125', 'ORL251125CA', 'A', 71.1, 7),
(218, 28, 43, 10, 'CA20251125', 'ORL251125CA', 'A', 76.6, 7),
(219, 28, 43, 10, 'CA20251125', 'ORL251125CA', 'A', 80.8, 7),
(220, 28, 43, 10, 'CA20251125', 'ORL251125CA', 'A', 76.2, 7),
(221, 28, 43, 10, 'CA20251125', 'ORL251125CA', 'A', 73.8, 7),
(222, 28, 43, 10, 'CA20251125', 'ORL251125CA', 'A', 45.7, 4),
(223, 28, 43, 10, 'CAF20251125', 'ORL251125CAF', 'AF', 71.8, 7),
(224, 28, 43, 10, 'CAF20251125', 'ORL251125CAF', 'AF', 68.2, 7),
(225, 28, 43, 10, 'CCIL20251125', 'ORL251125CCIL', 'CIL', 31.3, 3),
(226, 29, 44, 4, 'CA20251126', 'FRU251125CA', 'A', 78.3, 7),
(227, 29, 44, 4, 'CA20251126', 'FRU251125CA', 'A', 72.5, 7),
(228, 29, 44, 4, 'CA20251126', 'FRU251125CA', 'A', 79.3, 7),
(229, 29, 44, 4, 'CA20251126', 'FRU251125CA', 'A', 76.9, 7),
(230, 29, 44, 4, 'CA20251126', 'FRU251125CA', 'A', 75.9, 7),
(231, 29, 44, 4, 'CA20251126', 'FRU251125CA', 'A', 73.3, 7),
(232, 29, 44, 4, 'CA20251126', 'FRU251125CA', 'A', 82.1, 7),
(233, 29, 44, 4, 'CA20251126', 'FRU251125CA', 'A', 78.5, 7),
(234, 29, 44, 4, 'CA20251126', 'FRU251125CA', 'A', 88.7, 8),
(235, 29, 44, 4, 'CA20251126', 'FRU251125CA', 'A', 80.1, 7),
(236, 29, 44, 4, 'CA20251126', 'FRU251125CA', 'A', 80.4, 7),
(237, 29, 44, 4, 'CAF20251126', 'FRU251125CAF', 'AF', 84.6, 7),
(238, 29, 44, 4, 'CAF20251126', 'FRU251125CAF', 'AF', 66.7, 6),
(239, 29, 44, 4, 'CCIL20251126', 'FRU251125CCIL', 'CIL', 85, 9),
(240, 30, 45, 11, 'CA20251127', 'MAR271125CA', 'A', 75.6, 7),
(241, 30, 45, 11, 'CA20251127', 'MAR271125CA', 'A', 73.2, 7),
(242, 30, 45, 11, 'CA20251127', 'MAR271125CA', 'A', 81.5, 7),
(243, 30, 45, 11, 'CA20251127', 'MAR271125CA', 'A', 75, 7),
(244, 30, 45, 11, 'CA20251127', 'MAR271125CA', 'A', 76.9, 7),
(245, 30, 45, 11, 'CA20251127', 'MAR271125CA', 'A', 82.4, 6),
(246, 30, 45, 11, 'CA20251127', 'MAR271125CA', 'A', 70.5, 7),
(247, 30, 45, 11, 'CA20251127', 'MAR271125CA', 'A', 76.3, 7),
(248, 30, 45, 11, 'CA20251127', 'MAR271125CA', 'A', 64.4, 6),
(249, 30, 45, 11, 'CA20251127', 'MAR271125CA', 'A', 75.5, 7),
(250, 30, 45, 11, 'CA20251127', 'MAR271125CA', 'A', 75.6, 7),
(251, 30, 45, 11, 'CA20251127', 'MAR271125CA', 'A', 81.9, 7),
(252, 30, 45, 11, 'CA20251127', 'MAR271125CA', 'A', 80.8, 7),
(253, 30, 45, 11, 'CA20251127', 'MAR271125CA', 'A', 73.1, 7),
(254, 30, 45, 11, 'CA20251127', 'MAR271125CA', 'A', 57.4, 5),
(255, 30, 45, 11, 'CAF20251127', 'MAR271125CAF', 'AF', 103.2, 9),
(256, 30, 45, 11, 'CCIL20251127', 'MAR271125CCIL', 'CIL', 33.7, 3),
(257, 31, 46, 4, 'CA20251128', 'FRU281125CA', 'A', 102.8, 9),
(258, 31, 46, 4, 'CA20251128', 'FRU281125CA', 'A', 79.4, 7),
(259, 31, 46, 4, 'CA20251128', 'FRU281125CA', 'A', 53, 5),
(260, 31, 46, 4, 'CAF20251128', 'FRU281125CAF', 'AF', 22.4, 2),
(261, 31, 47, 11, 'CA20251128', 'MAR271125CA', 'A', 55.6, 5),
(262, 31, 48, 8, 'CA20251128', 'DAN281125CA', 'A', 78.2, 7),
(263, 31, 48, 8, 'CA20251128', 'DAN281125CA', 'A', 79.6, 7),
(264, 31, 48, 8, 'CA20251128', 'DAN281125CA', 'A', 81.8, 7),
(265, 31, 48, 8, 'CA20251128', 'DAN281125CA', 'A', 81.1, 7),
(266, 31, 48, 8, 'CA20251128', 'DAN281125CA', 'A', 81, 7),
(267, 31, 48, 8, 'CA20251128', 'DAN281125CA', 'A', 81.4, 7),
(268, 31, 48, 8, 'CA20251128', 'DAN281125CA', 'A', 77.3, 7),
(269, 31, 48, 8, 'CCIL20251129', 'DAN291125CCIL', 'CIL', 23.8, 2),
(270, 31, 48, 8, 'CA20251128', 'DAN281125CA', 'A', 76.1, 7),
(271, 31, 48, 8, 'CA20251128', 'DAN281125CA', 'A', 82.9, 7),
(272, 31, 48, 8, 'CA20251128', 'DAN281125CA', 'A', 85.1, 7),
(273, 31, 48, 8, 'CA20251128', 'DAN281125CA', 'A', 66, 6),
(274, 31, 48, 8, 'CAF20251128', 'DAN281125CAF', 'AF', 79.6, 7),
(275, 31, 48, 8, 'CAF20251128', 'DAN281125CAF', 'AF', 67.2, 6),
(276, 31, 48, 8, 'CAF20251128', 'DAN281125CAF', 'AF', 69.4, 6),
(277, 31, 48, 8, 'CCIL20251128', 'DAN281125CCIL', 'CIL', 23.4, 2),
(278, 32, 49, 7, 'CA20251129', 'OSC281125CA', 'A', 45.1, 4),
(279, 32, 49, 7, 'CAF20251129', 'OSC281125CAF', 'AF', 24.6, 2),
(280, 32, 50, 12, 'CA20251129', 'LEA291125CA', 'A', 79.6, 7),
(281, 32, 50, 12, 'CA20251129', 'LEA291125CA', 'A', 84.1, 7),
(282, 32, 50, 12, 'CA20251129', 'LEA291125CA', 'A', 80, 7),
(283, 32, 50, 12, 'CA20251129', 'LEA291125CA', 'A', 88.1, 7),
(284, 32, 50, 12, 'CA20251129', 'LEA291125CA', 'A', 81.8, 7),
(285, 32, 50, 12, 'CAF20251129', 'LEA291125CAF', 'AF', 97.4, 8),
(286, 32, 50, 12, 'CA20251129', 'LEA291125CA', 'A', 80, 7),
(287, 32, 50, 12, 'CCIL20251129', 'LEA291125CCIL', 'CIL', 80, 7),
(288, 32, 51, 8, 'CA20251129', 'DAN291125CA', 'A', 84.5, 7),
(289, 32, 51, 8, 'CA20251129', 'DAN291125CA', 'A', 79.9, 7),
(290, 32, 51, 8, 'CA20251129', 'DAN291125CA', 'A', 83.9, 7),
(291, 32, 51, 8, 'CA20251129', 'DAN291125CA', 'A', 85.1, 7),
(292, 32, 51, 8, 'CA20251129', 'DAN291125CA', 'A', 48.5, 4),
(293, 32, 51, 8, 'CA20251129', 'DAN291125CA', 'A', 81.6, 7),
(294, 32, 51, 8, 'CA20251129', 'DAN291125CA', 'A', 80.8, 7),
(295, 32, 51, 8, 'CA20251129', 'DAN291125CA', 'A', 81.2, 7),
(296, 32, 51, 8, 'CA20251129', 'DAN291125CA', 'A', 74.8, 7),
(297, 32, 51, 8, 'CA20251129', 'DAN291125CA', 'A', 66.6, 6),
(298, 32, 51, 8, 'CAF20251129', 'DAN291125CAF', 'AF', 60.3, 5),
(299, 32, 51, 8, 'CCIL20251129', 'DAN291125CCIL', 'CIL', 82.4, 7),
(300, 32, 51, 8, 'CCIL20251129', 'DAN291125CCIL', 'CIL', 72.5, 7),
(301, 32, 51, 8, 'CCIL20251129', 'DAN291125CCIL', 'CIL', 63.4, 6),
(303, 34, 53, 48, 'CA20260219', 'YEI19226CA', 'A', 77.9, 7),
(304, 34, 53, 48, 'CAF20260219', 'YEI19226CAF', 'AF', 97.1, 8),
(305, 34, 53, 48, 'CA20260219', 'YEI19226CA', 'A', 81, 7),
(306, 34, 53, 48, 'CA20260219', 'YEI19226CA', 'A', 81.5, 7),
(307, 34, 53, 48, 'CA20260219', 'YEI19226CA', 'A', 84, 7),
(308, 34, 53, 48, 'CA20260219', 'YEI19226CA', 'A', 82.4, 7),
(309, 34, 53, 48, 'CA20260219', 'YEI19226CA', 'A', 78.9, 7),
(310, 34, 53, 48, 'CA20260219', 'YEI19226CA', 'A', 82.1, 7),
(311, 34, 53, 48, 'CA20260219', 'YEI19226CA', 'A', 83.8, 7),
(312, 34, 53, 48, 'CA20260219', 'YEI19226CA', 'A', 84.3, 7),
(313, 34, 53, 48, 'CA20260219', 'YEI19226CA', 'A', 76.9, 7),
(314, 34, 54, 31, 'CA20260219', 'GER19226CA', 'A', 80.6, 7),
(315, 34, 54, 31, 'CA20260219', 'GER19226CA', 'A', 75.9, 7),
(316, 34, 54, 31, 'CA20260219', 'GER19226CA', 'A', 79.1, 7),
(317, 34, 54, 31, 'CA20260219', 'GER19226CA', 'A', 75.9, 7),
(318, 34, 54, 31, 'CA20260219', 'GER19226CA', 'A', 78.5, 7),
(319, 34, 54, 31, 'CA20260219', 'GER19226CA', 'A', 78.4, 7),
(320, 34, 54, 31, 'CA20260219', 'GER19226CA', 'A', 78.4, 7),
(321, 34, 54, 31, 'CA20260219', 'GER19226CA', 'A', 81.3, 7),
(322, 34, 54, 31, 'CA20260219', 'GER19226CA', 'A', 84.2, 7),
(323, 34, 54, 31, 'CA20260219', 'GER19226CA', 'A', 79.5, 7),
(324, 34, 54, 31, 'CA20260219', 'GER19226CA', 'A', 83.9, 7),
(325, 34, 54, 31, 'CA20260219', 'GER19226CA', 'A', 79.9, 7),
(326, 34, 54, 31, 'CA20260219', 'GER19226CA', 'A', 80.1, 7),
(327, 34, 54, 31, 'CA20260219', 'GER19226CA', 'A', 80.5, 7),
(328, 34, 54, 31, 'CA20260219', 'GER19226CA', 'A', 80.9, 7),
(329, 34, 54, 31, 'CA20260219', 'GER19226CA', 'A', 87.8, 7),
(330, 34, 54, 31, 'CA20260219', 'GER19226CA', 'A', 77.1, 7),
(331, 34, 54, 31, 'CAF20260219', 'GER19226CAF', 'AF', 102.5, 8),
(332, 34, 54, 31, 'CAF20260219', 'GER19226CAF', 'AF', 80.5, 7),
(333, 34, 54, 31, 'CA20260219', 'GER19226CA', 'A', 98.4, 4),
(334, 34, 55, 72, 'CXL20260219', 'AGR19226CXL', 'XL', 22.7, 3),
(335, 35, 56, 8, 'CA20260214', 'ASO14226CA', 'A', 150.9, 14),
(336, 35, 56, 8, 'CAF20260214', 'ASO14226CAF', 'AF', 33.6, 4),
(337, 35, 57, 12, 'CA20260214', 'CLA14226CA', 'A', 71.1, 6),
(338, 35, 57, 12, 'CAF20260214', 'CLA14226CAF', 'AF', 18, 2),
(339, 35, 58, 8, 'CA20260214', 'ASO13226CA', 'A', 102.8, 9),
(340, 35, 58, 8, 'CAF20260214', 'ASO13226CAF', 'AF', 21.8, 2),
(341, 36, 59, 8, 'CA20260216', 'ASO14226CA', 'A', 72.9, 6),
(342, 36, 59, 8, 'CA20260216', 'ASO14226CA', 'A', 86.2, 7),
(343, 36, 59, 8, 'CA20260216', 'ASO14226CA', 'A', 79.5, 7),
(344, 36, 59, 8, 'CA20260216', 'ASO14226CA', 'A', 85.7, 7),
(345, 36, 59, 8, 'CA20260216', 'ASO14226CA', 'A', 81.4, 7),
(346, 36, 59, 8, 'CA20260216', 'ASO14226CA', 'A', 82.3, 7),
(347, 36, 59, 8, 'CAF20260216', 'ASO14226CAF', 'AF', 49.5, 4),
(348, 36, 60, 8, 'CA20260216', 'ASO16226CA', 'A', 78.3, 7),
(349, 36, 60, 8, 'CA20260216', 'ASO16226CA', 'A', 87.3, 7),
(350, 36, 60, 8, 'CA20260216', 'ASO16226CA', 'A', 60.1, 7),
(351, 36, 60, 8, 'CAF20260216', 'ASO16226CAF', 'AF', 46, 4),
(352, 36, 61, 12, 'CA20260216', 'CLA14226CA', 'A', 80, 7),
(353, 36, 61, 12, 'CA20260216', 'CLA14226CA', 'A', 88.8, 7),
(354, 36, 61, 12, 'CA20260216', 'CLA14226CA', 'A', 81.4, 7),
(355, 36, 61, 12, 'CA20260216', 'CLA14226CA', 'A', 80.3, 7),
(356, 36, 61, 12, 'CA20260216', 'CLA14226CA', 'A', 33.9, 3),
(357, 36, 61, 12, 'CAF20260216', 'CLA14226CAF', 'AF', 62.7, 5),
(358, 36, 62, 5, 'CA20260216', 'NIC15226CA', 'A', 84.6, 7),
(359, 36, 62, 5, 'CA20260216', 'NIC15226CA', 'A', 82.7, 7),
(360, 36, 62, 5, 'CA20260216', 'NIC15226CA', 'A', 48.7, 4),
(361, 36, 62, 5, 'CAF20260216', 'NIC15226CAF', 'AF', 37, 3),
(362, 36, 63, 4, 'CAF20260216', 'FRU16226CAF', 'AF', 20.8, 2),
(363, 36, 63, 4, 'CA20260216', 'FRU16226CA', 'A', 68, 5),
(364, 36, 63, 4, 'CA20260216', 'FRU16226CA', 'A', 68.6, 6),
(365, 36, 64, 72, 'CXL20260216', 'AGR16226CXL', 'XL', 66.6, 7),
(366, 36, 64, 72, 'CXL20260216', 'AGR16226CXL', 'XL', 54.3, 6),
(367, 37, 65, 5, 'CA20260217', 'NIC15226CA', 'A', 83.1, 7),
(368, 37, 65, 5, 'CA20260217', 'NIC15226CA', 'A', 79, 7),
(369, 37, 65, 5, 'CA20260217', 'NIC15226CA', 'A', 81.1, 7),
(370, 37, 65, 5, 'CA20260217', 'NIC15226CA', 'A', 81.5, 7),
(371, 37, 65, 5, 'CAF20260217', 'NIC15226CAF', 'AF', 42.1, 4),
(372, 37, 65, 5, 'CA20260217', 'NIC15226CA', 'A', 68.5, 5),
(373, 37, 66, 69, 'CA20260217', 'FRU17226CA', 'A', 76.3, 7),
(374, 37, 66, 69, 'CA20260217', 'FRU17226CA', 'A', 81, 7),
(375, 37, 66, 69, 'CA20260217', 'FRU17226CA', 'A', 78.2, 7),
(376, 37, 66, 69, 'CA20260217', 'FRU17226CA', 'A', 81.1, 7),
(377, 37, 66, 69, 'CA20260217', 'FRU17226CA', 'A', 79.7, 7),
(378, 37, 66, 69, 'CA20260217', 'FRU17226CA', 'A', 80.2, 7),
(379, 37, 66, 69, 'CA20260217', 'FRU17226CA', 'A', 79, 7),
(380, 37, 66, 69, 'CA20260217', 'FRU17226CA', 'A', 80.2, 7),
(381, 37, 66, 69, 'CA20260217', 'FRU17226CA', 'A', 81, 7),
(382, 37, 66, 69, 'CA20260217', 'FRU17226CA', 'A', 80.2, 7),
(383, 37, 66, 69, 'CA20260217', 'FRU17226CA', 'A', 23.1, 2),
(384, 37, 66, 69, 'CAF20260217', 'FRU17226CAF', 'AF', 114.1, 9),
(385, 37, 67, 39, 'CA20260217', 'YEI17226CA', 'A', 82.9, 7),
(386, 37, 67, 39, 'CA20260217', 'YEI17226CA', 'A', 79.9, 7),
(387, 37, 67, 39, 'CA20260217', 'YEI17226CA', 'A', 81.4, 7),
(388, 37, 67, 39, 'CA20260217', 'YEI17226CA', 'A', 21.4, 2),
(389, 37, 67, 39, 'CAF20260217', 'YEI17226CAF', 'AF', 24.4, 2),
(390, 37, 68, 4, 'CA20260217', 'FRU17226CA', 'A', 79.9, 7),
(391, 37, 68, 4, 'CA20260217', 'FRU17226CA', 'A', 82, 7),
(392, 37, 68, 4, 'CA20260217', 'FRU17226CA', 'A', 48.7, 4),
(393, 37, 68, 4, 'CAF20260217', 'FRU17226CAF', 'AF', 25.2, 2),
(394, 37, 69, 72, 'CXL20260217', 'AGR17226CXL', 'XL', 41.8, 5),
(395, 38, 70, 45, 'CA20260220', 'RIC19226CA', 'A', 97.5, 9),
(396, 38, 70, 45, 'CA20260220', 'RIC19226CA', 'A', 89.8, 8),
(397, 38, 70, 45, 'CAF20260220', 'RIC19226CAF', 'AF', 31, 3),
(398, 38, 71, 51, 'CA20260220', 'ASO19226CA', 'A', 84.6, 8),
(399, 38, 71, 51, 'CA20260220', 'ASO19226CA', 'A', 90.3, 8),
(400, 38, 71, 51, 'CA20260220', 'ASO19226CA', 'A', 89.5, 8),
(401, 38, 71, 51, 'CAF20260220', 'ASO19226CAF', 'AF', 39.6, 3),
(402, 38, 72, 8, 'CA20260220', 'ASO20226CA', 'A', 74.4, 7),
(403, 38, 72, 8, 'CA20260220', 'ASO20226CA', 'A', 79.4, 7),
(404, 38, 72, 8, 'CA20260220', 'ASO20226CA', 'A', 77.8, 7),
(405, 38, 72, 8, 'CA20260220', 'ASO20226CA', 'A', 70.7, 7),
(406, 38, 72, 8, 'CA20260220', 'ASO20226CA', 'A', 74.8, 7),
(407, 38, 72, 8, 'CA20260220', 'ASO20226CA', 'A', 77.1, 7),
(408, 38, 72, 8, 'CA20260220', 'ASO20226CA', 'A', 78.3, 7),
(409, 38, 72, 8, 'CA20260220', 'ASO20226CA', 'A', 85.3, 8),
(410, 38, 72, 8, 'CA20260220', 'ASO20226CA', 'A', 90.6, 8),
(411, 38, 72, 8, 'CA20260220', 'ASO20226CA', 'A', 88.1, 8),
(412, 38, 72, 8, 'CAF20260220', 'ASO20226CAF', 'AF', 104.3, 9),
(413, 39, 73, 74, 'CA20260221', 'FRU20226CA', 'A', 63, 6),
(414, 39, 73, 74, 'CAF20260221', 'FRU20226CAF', 'AF', 20.4, 2),
(415, 39, 74, 73, 'CA20260221', 'FRU20226CA', 'A', 65.3, 6),
(416, 39, 74, 73, 'CAF20260221', 'FRU20226CAF', 'AF', 11.5, 1),
(417, 39, 75, 31, 'CAF20260221', 'GER21226CAF', 'AF', 68.3, 6),
(418, 39, 75, 31, 'CA20260221', 'GER21226CA', 'A', 93.5, 8),
(419, 39, 75, 31, 'CA20260221', 'GER21226CA', 'A', 85.6, 8),
(420, 39, 75, 31, 'CA20260221', 'GER21226CA', 'A', 77.8, 7),
(421, 39, 75, 31, 'CA20260221', 'GER21226CA', 'A', 75.6, 7),
(422, 39, 75, 31, 'CA20260221', 'GER21226CA', 'A', 81.5, 7),
(423, 39, 75, 31, 'CA20260221', 'GER21226CA', 'A', 75.5, 7),
(424, 39, 76, 8, 'CA20260221', 'ASO21226CA', 'A', 81, 7),
(425, 39, 76, 8, 'CA20260221', 'ASO21226CA', 'A', 75.3, 7),
(426, 39, 76, 8, 'CA20260221', 'ASO21226CA', 'A', 78.4, 7),
(427, 39, 76, 8, 'CA20260221', 'ASO21226CA', 'A', 77.6, 7),
(428, 39, 76, 8, 'CA20260221', 'ASO21226CA', 'A', 77.5, 7),
(429, 39, 76, 8, 'CA20260221', 'ASO21226CA', 'A', 77.3, 7),
(430, 39, 76, 8, 'CA20260221', 'ASO21226CA', 'A', 76.4, 7),
(431, 39, 76, 8, 'CA20260221', 'ASO21226CA', 'A', 79.3, 7),
(432, 39, 76, 8, 'CA20260221', 'ASO21226CA', 'A', 89.5, 8),
(433, 39, 76, 8, 'CA20260221', 'ASO21226CA', 'A', 88.8, 8),
(434, 39, 76, 8, 'CAF20260221', 'ASO21226CAF', 'AF', 114.8, 10),
(435, 40, 77, 72, 'CXL20260218', 'AGR18226CXL', 'XL', 12.9, 2),
(436, 40, 78, 39, 'CA20260218', 'YEI18226CA', 'A', 73, 7),
(437, 40, 78, 39, 'CA20260218', 'YEI18226CA', 'A', 82.3, 7),
(438, 40, 78, 39, 'CA20260218', 'YEI18226CA', 'A', 83.5, 7),
(439, 40, 78, 39, 'CA20260218', 'YEI18226CA', 'A', 79.8, 7),
(440, 40, 78, 39, 'CAF20260218', 'YEI18226CAF', 'AF', 36.6, 3),
(441, 40, 79, 40, 'CA20260218', 'JHO18226CA', 'A', 83.2, 7),
(442, 40, 79, 40, 'CA20260218', 'JHO18226CA', 'A', 77.7, 7),
(443, 40, 79, 40, 'CA20260218', 'JHO18226CA', 'A', 75.6, 7),
(444, 40, 79, 40, 'CA20260218', 'JHO18226CA', 'A', 80.3, 7),
(445, 40, 79, 40, 'CA20260218', 'JHO18226CA', 'A', 77.1, 7),
(446, 40, 79, 40, 'CA20260218', 'JHO18226CA', 'A', 81.4, 7),
(447, 40, 79, 40, 'CA20260218', 'JHO18226CA', 'A', 73.9, 7),
(448, 40, 79, 40, 'CA20260218', 'JHO18226CA', 'A', 88, 7),
(449, 40, 79, 40, 'CA20260218', 'JHO18226CA', 'A', 79.9, 7),
(450, 40, 79, 40, 'CA20260218', 'JHO18226CA', 'A', 84.4, 7),
(451, 40, 79, 40, 'CA20260218', 'JHO18226CA', 'A', 80.9, 7),
(452, 40, 79, 40, 'CA20260218', 'JHO18226CA', 'A', 78.4, 7),
(453, 40, 79, 40, 'CAF20260218', 'JHO18226CAF', 'AF', 76.1, 6),
(454, 40, 79, 40, 'CAF20260218', 'JHO18226CAF', 'AF', 77.7, 6),
(455, 40, 79, 40, 'CCIL20260218', 'JHO18226CCIL', 'CIL', 14.9, 1),
(456, 40, 80, 58, 'CA20260218', 'GLO18226CA', 'A', 82.4, 7),
(457, 40, 80, 58, 'CA20260218', 'GLO18226CA', 'A', 82.1, 7),
(458, 40, 80, 58, 'CA20260218', 'GLO18226CA', 'A', 82.1, 7),
(459, 40, 80, 58, 'CAF20260218', 'GLO18226CAF', 'AF', 12.5, 1),
(460, 40, 80, 58, 'CA20260218', 'GLO18226CA', 'A', 20, 2),
(461, 40, 81, 48, 'CAF20260218', 'YEI18226CAF', 'AF', 12.5, 1),
(462, 40, 81, 48, 'CA20260218', 'YEI18226CA', 'A', 64.4, 6),
(463, 40, 81, 48, 'CA20260218', 'YEI18226CA', 'A', 37.3, 3),
(464, 41, 82, 77, 'CA20260225', 'LUI24226CA', 'A', 77.9, 7),
(465, 41, 82, 77, 'CAF20260225', 'LUI24226CAF', 'AF', 14, 1),
(466, 41, 83, 78, 'CA20260225', 'INV24226CA', 'A', 33.1, 3),
(467, 41, 83, 78, 'CAF20260225', 'INV24226CAF', 'AF', 21.2, 2),
(468, 41, 83, 78, 'CA20260225', 'INV24226CA', 'A', 80.9, 7),
(469, 41, 83, 78, 'CA20260225', 'INV24226CA', 'A', 75.2, 7),
(470, 41, 83, 78, 'CA20260225', 'INV24226CA', 'A', 77.8, 7),
(471, 41, 84, 8, 'CA20260225', 'ASO25226CA', 'A', 82.4, 7),
(472, 41, 84, 8, 'CA20260225', 'ASO25226CA', 'A', 77.3, 7),
(473, 41, 84, 8, 'CA20260225', 'ASO25226CA', 'A', 81.8, 7),
(474, 41, 84, 8, 'CA20260225', 'ASO25226CA', 'A', 80.5, 7),
(475, 41, 84, 8, 'CA20260225', 'ASO25226CA', 'A', 78.3, 7),
(476, 41, 84, 8, 'CA20260225', 'ASO25226CA', 'A', 21.7, 2),
(477, 41, 84, 8, 'CAF20260225', 'ASO25226CAF', 'AF', 69.9, 6),
(478, 41, 85, 65, 'CA20260225', 'YOH25226CA', 'A', 54.2, 5),
(479, 41, 85, 65, 'CAF20260225', 'YOH25226CAF', 'AF', 8.8, 1),
(480, 41, 86, 46, 'CA20260225', 'RAU25226CA', 'A', 81.5, 7),
(481, 41, 86, 46, 'CA20260225', 'RAU25226CA', 'A', 76.9, 7),
(482, 41, 86, 46, 'CA20260225', 'RAU25226CA', 'A', 75.2, 7),
(483, 41, 86, 46, 'CA20260225', 'RAU25226CA', 'A', 80.6, 7),
(484, 41, 86, 46, 'CA20260225', 'RAU25226CA', 'A', 76.5, 7),
(485, 41, 86, 46, 'CA20260225', 'RAU25226CA', 'A', 75.8, 7),
(486, 41, 86, 46, 'CA20260225', 'RAU25226CA', 'A', 80.8, 7),
(487, 41, 86, 46, 'CA20260225', 'RAU25226CA', 'A', 92.8, 8),
(488, 41, 86, 46, 'CA20260225', 'RAU25226CA', 'A', 87.5, 8),
(489, 41, 86, 46, 'CAF20260225', 'RAU25226CAF', 'AF', 74.4, 6),
(490, 42, 87, 65, 'CA20260226', 'YOH25226CA', 'A', 82.2, 7),
(491, 42, 87, 65, 'CA20260226', 'YOH25226CA', 'A', 72.9, 7),
(492, 42, 87, 65, 'CA20260226', 'YOH25226CA', 'A', 42.2, 4),
(493, 42, 87, 65, 'CAF20260226', 'YOH25226CAF', 'AF', 32.4, 3),
(494, 42, 88, 57, 'CA20260226', 'GLA25226CA', 'A', 77.7, 7),
(495, 42, 88, 57, 'CA20260226', 'GLA25226CA', 'A', 78.4, 7),
(496, 42, 88, 57, 'CA20260226', 'GLA25226CA', 'A', 75.2, 7),
(497, 42, 88, 57, 'CA20260226', 'GLA25226CA', 'A', 56.6, 5),
(498, 42, 88, 57, 'CAF20260226', 'GLA25226CAF', 'AF', 43.3, 4),
(499, 42, 89, 12, 'CA20260226', 'CLA26226CA', 'A', 81.6, 7),
(500, 42, 89, 12, 'CA20260226', 'CLA26226CA', 'A', 78.5, 7),
(501, 42, 89, 12, 'CA20260226', 'CLA26226CA', 'A', 76.7, 7),
(502, 42, 89, 12, 'CA20260226', 'CLA26226CA', 'A', 47.6, 4),
(503, 42, 89, 12, 'CAF20260226', 'CLA26226CAF', 'AF', 53.9, 5),
(504, 42, 90, 31, 'CA20260226', 'GER26226CA', 'A', 78.9, 7),
(505, 42, 90, 31, 'CA20260226', 'GER26226CA', 'A', 82.5, 7),
(506, 42, 90, 31, 'CA20260226', 'GER26226CA', 'A', 79.6, 7),
(507, 42, 90, 31, 'CA20260226', 'GER26226CA', 'A', 77, 7),
(508, 42, 90, 31, 'CA20260226', 'GER26226CA', 'A', 77.8, 7),
(509, 42, 90, 31, 'CA20260226', 'GER26226CA', 'A', 82.2, 7),
(510, 42, 90, 31, 'CA20260226', 'GER26226CA', 'A', 76.7, 7),
(511, 42, 90, 31, 'CA20260226', 'GER26226CA', 'A', 79.4, 7),
(512, 42, 90, 31, 'CA20260226', 'GER26226CA', 'A', 77.9, 7),
(513, 42, 90, 31, 'CA20260226', 'GER26226CA', 'A', 84.7, 7),
(514, 42, 90, 31, 'CA20260226', 'GER26226CA', 'A', 81.1, 7),
(515, 42, 90, 31, 'CA20260226', 'GER26226CA', 'A', 36, 3),
(516, 42, 90, 31, 'CAF20260226', 'GER26226CAF', 'AF', 46, 4),
(517, 42, 90, 31, 'CCIL20260226', 'GER26226CCIL', 'CIL', 76.7, 8),
(518, 42, 90, 31, 'CA20260226', 'GER26226CA', 'A', 7.7, 1),
(519, 43, 91, 65, 'CA20260226', 'YOH25226CA', 'A', 82.2, 7),
(520, 43, 91, 65, 'CA20260226', 'YOH25226CA', 'A', 72.9, 7),
(521, 43, 91, 65, 'CA20260226', 'YOH25226CA', 'A', 42.2, 4),
(522, 43, 91, 65, 'CAF20260226', 'YOH25226CAF', 'AF', 32.4, 3),
(523, 43, 92, 57, 'CA20260226', 'GLA25226CA', 'A', 77.7, 7),
(524, 43, 92, 57, 'CA20260226', 'GLA25226CA', 'A', 78.4, 7),
(525, 43, 92, 57, 'CA20260226', 'GLA25226CA', 'A', 75.2, 7),
(526, 43, 92, 57, 'CA20260226', 'GLA25226CA', 'A', 56.6, 5),
(527, 43, 92, 57, 'CAF20260226', 'GLA25226CAF', 'AF', 43.3, 4),
(528, 43, 93, 12, 'CA20260226', 'CLA26226CA', 'A', 81.6, 7),
(529, 43, 93, 12, 'CA20260226', 'CLA26226CA', 'A', 78.5, 7),
(530, 43, 93, 12, 'CA20260226', 'CLA26226CA', 'A', 76.7, 7),
(531, 43, 93, 12, 'CA20260226', 'CLA26226CA', 'A', 47.6, 4),
(532, 43, 93, 12, 'CAF20260226', 'CLA26226CAF', 'AF', 53.9, 5),
(533, 43, 94, 31, 'CA20260226', 'GER26226CA', 'A', 78.9, 7),
(534, 43, 94, 31, 'CA20260226', 'GER26226CA', 'A', 82.5, 7),
(535, 43, 94, 31, 'CA20260226', 'GER26226CA', 'A', 79.6, 7),
(536, 43, 94, 31, 'CA20260226', 'GER26226CA', 'A', 77, 7),
(537, 43, 94, 31, 'CA20260226', 'GER26226CA', 'A', 77.8, 7),
(538, 43, 94, 31, 'CA20260226', 'GER26226CA', 'A', 82.2, 7),
(539, 43, 94, 31, 'CA20260226', 'GER26226CA', 'A', 76.7, 7),
(540, 43, 94, 31, 'CA20260226', 'GER26226CA', 'A', 79.4, 7),
(541, 43, 94, 31, 'CA20260226', 'GER26226CA', 'A', 77.9, 7),
(542, 43, 94, 31, 'CA20260226', 'GER26226CA', 'A', 84.7, 7),
(543, 43, 94, 31, 'CA20260226', 'GER26226CA', 'A', 81.1, 7),
(544, 43, 94, 31, 'CA20260226', 'GER26226CA', 'A', 36, 3),
(545, 43, 94, 31, 'CAF20260226', 'GER26226CAF', 'AF', 46, 4),
(546, 43, 94, 31, 'CCIL20260226', 'GER26226CCIL', 'CIL', 76.7, 8),
(547, 43, 94, 31, 'CA20260226', 'GER26226CA', 'A', 7.7, 1),
(548, 43, 95, 5, 'CA20260223', 'NIC22226CA', 'A', 75.5, 7),
(549, 43, 95, 5, 'CA20260223', 'NIC22226CA', 'A', 78.3, 7),
(550, 43, 95, 5, 'CA20260223', 'NIC22226CA', 'A', 76.5, 7),
(551, 43, 95, 5, 'CA20260223', 'NIC22226CA', 'A', 78.4, 7),
(552, 43, 95, 5, 'CA20260223', 'NIC22226CA', 'A', 77.2, 7),
(553, 43, 95, 5, 'CA20260223', 'NIC22226CA', 'A', 76.9, 7),
(554, 43, 95, 5, 'CA20260223', 'NIC22226CA', 'A', 82.6, 7),
(555, 43, 95, 5, 'CA20260223', 'NIC22226CA', 'A', 76, 7),
(556, 43, 95, 5, 'CA20260223', 'NIC22226CA', 'A', 80.4, 7),
(557, 43, 95, 5, 'CA20260223', 'NIC22226CA', 'A', 75.6, 7),
(558, 43, 95, 5, 'CA20260223', 'NIC22226CA', 'A', 94.4, 8),
(559, 43, 95, 5, 'CAF20260223', 'NIC22226CAF', 'AF', 94.7, 8),
(560, 43, 95, 5, 'CAF20260223', 'NIC22226CAF', 'AF', 81.9, 7),
(561, 43, 96, 8, 'CA20260223', 'ASO23226CA', 'A', 84.3, 7),
(562, 43, 96, 8, 'CA20260223', 'ASO23226CA', 'A', 81.8, 7),
(563, 43, 96, 8, 'CA20260223', 'ASO23226CA', 'A', 85.5, 7),
(564, 43, 96, 8, 'CA20260223', 'ASO23226CA', 'A', 81.1, 7),
(565, 43, 96, 8, 'CA20260223', 'ASO23226CA', 'A', 77.8, 7),
(566, 43, 96, 8, 'CA20260223', 'ASO23226CA', 'A', 46, 4),
(567, 43, 96, 8, 'CAF20260223', 'ASO23226CAF', 'AF', 79.1, 7),
(568, 43, 97, 72, 'CXL20260223', 'AGR23226CXL', 'XL', 21.6, 3),
(623, 44, 107, 75, 'CA20260224', 'FRU23226CA', 'A', 483.7, 48),
(624, 44, 107, 75, 'CAF20260224', 'FRU23226CAF', 'AF', 45.8, 5),
(625, 44, 107, 75, 'CCIL20260224', 'FRU23226CCIL', 'CIL', 40, 4),
(626, 44, 108, 76, 'CA20260224', 'FRU23226CA', 'A', 579.5, 58),
(627, 44, 108, 76, 'CAF20260224', 'FRU23226CAF', 'AF', 28, 3),
(628, 44, 109, 39, 'CA20260224', 'YEI24226CA', 'A', 166.4, 16),
(629, 44, 110, 78, 'CA20260224', 'INV24226CA', 'A', 188.4, 19),
(630, 44, 105, 42, 'CA20260224', 'RIC23226CA', 'A', 88.9, 9),
(631, 44, 106, 60, 'CA20260224', 'YOS23226CA', 'A', 97.3, 12),
(632, 44, 106, 60, 'CAF20260224', 'YOS23226CAF', 'AF', 40, 4),
(633, 45, 111, 31, 'CA20260227', 'GER26226CA', 'A', 165.3, 20),
(634, 45, 111, 31, 'CAF20260227', 'GER26226CAF', 'AF', 84.6, 9),
(635, 45, 112, 79, 'CA20260227', 'FAB26226CA', 'A', 339.7, 40),
(636, 45, 112, 79, 'CAF20260227', 'FAB26226CAF', 'AF', 42.9, 4),
(637, 45, 113, 49, 'CA20260227', 'VIC26226CA', 'A', 480.9, 49),
(638, 45, 113, 49, 'CAF20260227', 'VIC26226CAF', 'AF', 53, 5),
(639, 45, 114, 8, 'CA20260227', 'ASO27226CA', 'A', 516.7, 50),
(640, 45, 114, 8, 'CAF20260227', 'ASO27226CAF', 'AF', 104.6, 10),
(641, 45, 115, 39, 'CA20260227', 'YEI27226CA', 'A', 62.9, 6),
(642, 45, 115, 39, 'CAF20260227', 'YEI27226CAF', 'AF', 36.7, 2),
(649, 46, 119, 8, 'CA20260228', 'ASO27226CA', 'A', 68.5, 6),
(650, 46, 119, 8, 'CA20260228', 'ASO27226CA', 'A', 80.9, 7),
(651, 46, 119, 8, 'CA20260228', 'ASO27226CA', 'A', 83.7, 7),
(652, 46, 119, 8, 'CA20260228', 'ASO27226CA', 'A', 80.6, 7),
(653, 46, 119, 8, 'CAF20260228', 'ASO27226CAF', 'AF', 52.7, 5),
(654, 46, 120, 39, 'CA20260227', 'YEI27226CA', 'A', 62.9, 6),
(655, 46, 120, 39, 'CAF20260227', 'YEI27226CAF', 'AF', 36.7, 2),
(656, 46, 121, 74, 'CA20260228', 'FRU27226CA', 'A', 47.2, 4),
(657, 46, 121, 74, 'CAF20260228', 'FRU27226CAF', 'AF', 9.4, 1),
(658, 46, 122, 8, 'CA20260228', 'ASO28226CA', 'A', 79.7, 7),
(659, 46, 122, 8, 'CA20260228', 'ASO28226CA', 'A', 78.4, 7),
(660, 46, 122, 8, 'CA20260228', 'ASO28226CA', 'A', 79.8, 7),
(661, 46, 122, 8, 'CA20260228', 'ASO28226CA', 'A', 80.1, 7),
(662, 46, 122, 8, 'CA20260228', 'ASO28226CA', 'A', 79.4, 7),
(663, 46, 122, 8, 'CA20260228', 'ASO28226CA', 'A', 75.9, 7),
(664, 46, 122, 8, 'CA20260228', 'ASO28226CA', 'A', 80.7, 7),
(665, 46, 122, 8, 'CA20260228', 'ASO28226CA', 'A', 29, 3),
(666, 46, 122, 8, 'CCIL20260228', 'ASO28226CCIL', 'CIL', 82.3, 7),
(667, 46, 122, 8, 'CCIL20260228', 'ASO28226CCIL', 'CIL', 82.5, 7),
(668, 46, 122, 8, 'CCIL20260228', 'ASO28226CCIL', 'CIL', 101.2, 9),
(669, 47, 123, 5, 'CA20260302', 'NIC2326CA', 'A', 91.8, 8),
(670, 47, 123, 5, 'CA20260302', 'NIC2326CA', 'A', 82.5, 7),
(671, 47, 123, 5, 'CA20260302', 'NIC2326CA', 'A', 75.4, 7),
(672, 47, 123, 5, 'CA20260302', 'NIC2326CA', 'A', 81.7, 7),
(673, 47, 123, 5, 'CA20260302', 'NIC2326CA', 'A', 75.9, 7),
(674, 47, 123, 5, 'CA20260302', 'NIC2326CA', 'A', 75, 7),
(675, 47, 123, 5, 'CA20260302', 'NIC2326CA', 'A', 79.6, 7),
(676, 47, 123, 5, 'CA20260302', 'NIC2326CA', 'A', 78.3, 7),
(677, 47, 123, 5, 'CA20260302', 'NIC2326CA', 'A', 74.6, 7),
(678, 47, 123, 5, 'CAF20260302', 'NIC2326CAF', 'AF', 79.7, 7),
(679, 47, 123, 5, 'CA20260302', 'NIC2326CA', 'A', 78.9, 7),
(680, 47, 123, 5, 'CA20260302', 'NIC2326CA', 'A', 80.7, 7),
(681, 47, 123, 5, 'CA20260302', 'NIC2326CA', 'A', 84.3, 7),
(682, 47, 123, 5, 'CA20260302', 'NIC2326CA', 'A', 71.2, 7),
(683, 47, 123, 5, 'CA20260302', 'NIC2326CA', 'A', 75.8, 7),
(684, 47, 123, 5, 'CAF20260302', 'NIC2326CAF', 'AF', 70, 6),
(685, 47, 123, 5, 'CCIL20260302', 'NIC2326CCIL', 'CIL', 18.5, 2),
(686, 48, 124, 5, 'CA20260302', 'NIC2326CA', 'A', 91.8, 8),
(687, 48, 124, 5, 'CA20260302', 'NIC2326CA', 'A', 82.5, 7),
(688, 48, 124, 5, 'CA20260302', 'NIC2326CA', 'A', 75.4, 7),
(689, 48, 124, 5, 'CA20260302', 'NIC2326CA', 'A', 81.7, 7),
(690, 48, 124, 5, 'CA20260302', 'NIC2326CA', 'A', 75.9, 7),
(691, 48, 124, 5, 'CA20260302', 'NIC2326CA', 'A', 75, 7),
(692, 48, 124, 5, 'CA20260302', 'NIC2326CA', 'A', 79.6, 7),
(693, 48, 124, 5, 'CA20260302', 'NIC2326CA', 'A', 78.3, 7),
(694, 48, 124, 5, 'CA20260302', 'NIC2326CA', 'A', 74.6, 7),
(695, 48, 124, 5, 'CAF20260302', 'NIC2326CAF', 'AF', 79.7, 7),
(696, 48, 124, 5, 'CA20260302', 'NIC2326CA', 'A', 78.9, 7),
(697, 48, 124, 5, 'CA20260302', 'NIC2326CA', 'A', 80.7, 7),
(698, 48, 124, 5, 'CA20260302', 'NIC2326CA', 'A', 84.3, 7),
(699, 48, 124, 5, 'CA20260302', 'NIC2326CA', 'A', 71.2, 7),
(700, 48, 124, 5, 'CA20260302', 'NIC2326CA', 'A', 75.8, 7),
(701, 48, 124, 5, 'CAF20260302', 'NIC2326CAF', 'AF', 70, 6),
(702, 48, 124, 5, 'CCIL20260302', 'NIC2326CCIL', 'CIL', 18.5, 2),
(703, 48, 125, 27, 'CA20260303', 'DAN2326CA', 'A', 82.8, 7),
(704, 48, 125, 27, 'CA20260303', 'DAN2326CA', 'A', 79, 7),
(705, 48, 125, 27, 'CA20260303', 'DAN2326CA', 'A', 43.7, 4),
(706, 48, 125, 27, 'CA20260303', 'DAN2326CA', 'A', 87.7, 7),
(707, 48, 125, 27, 'CA20260303', 'DAN2326CA', 'A', 76.9, 7),
(708, 48, 125, 27, 'CA20260303', 'DAN2326CA', 'A', 76.6, 7),
(709, 48, 125, 27, 'CAF20260303', 'DAN2326CAF', 'AF', 47.4, 4),
(710, 48, 125, 27, 'CCIL20260303', 'DAN2326CCIL', 'CIL', 12, 1),
(711, 48, 126, 12, 'CA20260303', 'CLA3326CA', 'A', 82.5, 7),
(712, 48, 126, 12, 'CA20260303', 'CLA3326CA', 'A', 81.7, 7),
(713, 48, 126, 12, 'CA20260303', 'CLA3326CA', 'A', 84.6, 8),
(714, 48, 126, 12, 'CA20260303', 'CLA3326CA', 'A', 80, 7),
(715, 48, 126, 12, 'CAF20260303', 'CLA3326CAF', 'AF', 36.9, 3),
(716, 48, 126, 12, 'CCIL20260303', 'CLA3326CCIL', 'CIL', 23.2, 2),
(717, 48, 127, 80, 'CA20260303', 'FRU2326CA', 'A', 81.7, 7),
(718, 48, 127, 80, 'CA20260303', 'FRU2326CA', 'A', 83.1, 7),
(719, 48, 127, 80, 'CA20260303', 'FRU2326CA', 'A', 80.9, 7),
(720, 48, 127, 80, 'CA20260303', 'FRU2326CA', 'A', 77, 7),
(721, 48, 127, 80, 'CA20260303', 'FRU2326CA', 'A', 48.1, 4),
(722, 48, 127, 80, 'CAF20260303', 'FRU2326CAF', 'AF', 34.5, 3),
(723, 48, 127, 80, 'CCIL20260303', 'FRU2326CCIL', 'CIL', 46, 4),
(724, 48, 127, 80, 'CCIL20260303', 'FRU2326CCIL', 'CIL', 78.6, 7);

-- --------------------------------------------------------

--
-- Estructura de tabla para la tabla `detalle_proveedor_fritura`
--

CREATE TABLE `detalle_proveedor_fritura` (
  `id` int NOT NULL,
  `id_fritura` int NOT NULL,
  `id_proveedor` int NOT NULL,
  `inicio_fritura` time NOT NULL,
  `fin_fritura` time NOT NULL,
  `tiempo_fritura` float NOT NULL,
  `temperatura_fritura` float NOT NULL,
  `rechazo` float NOT NULL,
  `migas` float NOT NULL,
  `bajadas` float DEFAULT NULL,
  `canastas` int NOT NULL,
  `materia_kg` float NOT NULL
) ENGINE=InnoDB DEFAULT CHARSET=utf8mb4 COLLATE=utf8mb4_unicode_ci;

--
-- Volcado de datos para la tabla `detalle_proveedor_fritura`
--

INSERT INTO `detalle_proveedor_fritura` (`id`, `id_fritura`, `id_proveedor`, `inicio_fritura`, `fin_fritura`, `tiempo_fritura`, `temperatura_fritura`, `rechazo`, `migas`, `bajadas`, `canastas`, `materia_kg`) VALUES
(32, 23, 7, '08:49:00', '10:24:00', 13, 135, 47, 3, 5, 20, 177.2),
(33, 23, 5, '11:12:00', '18:00:00', 12.5, 140, 44, 0, 26, 160, 1498.5),
(34, 24, 4, '07:31:00', '12:20:00', 13, 140, 34, 3, 14, 68, 649.2),
(35, 25, 8, '11:35:00', '15:22:00', 13, 135, 36, 2, 0, 73, 724.7),
(36, 25, 6, '15:05:00', '15:41:00', 13, 140, 2, 0, 0, 10, 85.4),
(37, 26, 8, '07:13:00', '07:58:00', 14, 135, 5, 3, 3, 13, 138),
(38, 26, 13, '08:37:00', '10:35:00', 15, 140, 75, 0, 5, 31, 296.5),
(39, 26, 4, '10:20:00', '11:02:00', 12.5, 135, 5, 0, 2, 10, 94.7),
(40, 26, 8, '10:53:00', '12:40:00', 12, 140, 26, 0, 8, 39, 400.3),
(41, 27, 5, '07:13:00', '14:20:00', 12, 135, 44, 3, 21, 136, 1333.1),
(42, 28, 7, '07:03:00', '10:46:00', 12, 135, 65, 4, 9, 50, 474.3),
(43, 28, 10, '10:38:00', '11:15:00', 13, 130, 188, 0, 16, 77, 716.5),
(44, 29, 4, '07:26:00', '14:30:00', 13, 135, 91, 2, 18, 100, 952.3),
(45, 30, 11, '07:11:00', '11:26:00', 14, 135, 35, 2, 19, 113, 1087.5),
(46, 31, 4, '07:05:00', '08:03:00', 12.5, 135, 7, 3, 3, 23, 223.1),
(47, 31, 11, '08:40:00', '09:04:00', 12, 135, 0, 0, 1, 5, 48.1),
(48, 31, 8, '09:55:00', '14:36:00', 12.5, 135, 56, 0, 18, 99, 985.4),
(49, 32, 7, '07:22:00', '08:20:00', 12, 135, 36, 4, 3, 6, 60.7),
(50, 32, 12, '10:37:00', '13:54:00', 13, 135, 48, 0, 12, 57, 602),
(51, 32, 8, '13:40:00', '19:00:00', 13, 135, 66, 0, 14, 91, 909),
(53, 34, 48, '08:13:00', '11:31:00', 14.5, 130, 44, 4, 11, 78, 792.9),
(54, 34, 31, '11:05:00', '17:00:00', 14.5, 130, 39, 0, 22, 138, 1469.4),
(55, 34, 72, '11:05:00', '17:00:00', 14.5, 130, 0, 0, 0, 3, 18.2),
(56, 35, 8, '13:32:00', '14:15:00', 14, 125, 14, 1, 2, 18, 157.5),
(57, 35, 12, '14:15:00', '14:40:00', 13.5, 130, 3, 1, 2, 8, 77.1),
(58, 35, 8, '14:20:00', '17:10:00', 13, 125, 15, 1, 3, 11, 108.1),
(59, 36, 8, '08:20:00', '10:54:00', 14, 130, 86, 4, 9, 45, 470),
(60, 36, 8, '13:24:00', '14:32:00', 14, 130, 10, 0, 6, 25, 234.2),
(61, 36, 12, '10:30:00', '13:28:00', 14, 130, 35, 0, 8, 36, 373.1),
(62, 36, 5, '14:25:00', '15:54:00', 14, 130, 5, 0, 5, 21, 221.5),
(63, 36, 4, '15:34:00', '16:32:00', 14, 130, 5, 0, 3, 13, 137.9),
(64, 36, 72, '14:43:00', '16:40:00', 14, 130, 0, 0, 2, 13, 101.4),
(65, 37, 5, '08:20:00', '10:26:00', 15, 130, 68, 3, 7, 37, 379.8),
(66, 37, 69, '10:01:00', '14:22:00', 15, 130, 48, 0, 11, 81, 812.6),
(67, 37, 39, '14:06:00', '15:20:00', 15, 130, 6, 0, 6, 25, 252.5),
(68, 37, 4, '15:03:00', '16:20:00', 15, 130, 7, 0, 5, 20, 205.8),
(69, 37, 72, '15:00:00', '16:00:00', 15, 130, 0, 0, 0, 5, 34.3),
(70, 38, 45, '08:08:00', '09:26:00', 14, 135, 32, 3, 4, 20, 188.3),
(71, 38, 51, '09:18:00', '10:50:00', 14, 135, 36, 0, 4, 27, 263.5),
(72, 38, 8, '10:50:00', '14:49:00', 14, 135, 106, 0, 0, 82, 777.8),
(73, 39, 74, '08:12:00', '08:54:00', 14, 135, 25, 3, 2, 8, 71.4),
(74, 39, 73, '08:28:00', '09:14:00', 14, 135, 34, 0, 2, 7, 66.3),
(75, 39, 31, '08:46:00', '11:17:00', 14, 135, 36, 0, 7, 50, 482.8),
(76, 39, 8, '10:52:00', '15:20:00', 14, 135, 53, 0, 11, 82, 792.9),
(77, 40, 72, '15:46:00', '16:00:00', 15, 130, 0, 0, 0, 2, 9.9),
(78, 40, 39, '08:14:00', '09:54:00', 15, 130, 29, 3, 5, 31, 308.7),
(79, 40, 40, '09:26:00', '15:03:00', 15, 130, 85, 0, 11, 97, 984),
(80, 40, 58, '14:48:00', '04:25:00', 15, 130, 14, 0, 5, 24, 243.1),
(81, 40, 48, '16:05:00', '16:50:00', 15, 130, 9, 0, 3, 10, 99.2),
(82, 41, 77, '08:20:00', '09:09:00', 12, 125, 37, 3, 3, 8, 84.4),
(83, 41, 78, '09:04:00', '10:41:00', 13, 127, 47, 0, 5, 26, 256.7),
(84, 41, 8, '10:21:00', '13:55:00', 13, 127, 97, 0, 7, 43, 437.9),
(85, 41, 65, '16:53:00', '17:30:00', 13, 130, 12, 0, 2, 6, 57),
(86, 41, 46, '13:05:00', '17:01:00', 16, 130, 83, 0, 9, 71, 709),
(87, 42, 65, '08:01:00', '10:05:00', 18, 120, 35, 3, 6, 21, 207.2),
(88, 42, 57, '09:50:00', '11:33:00', 13.5, 125, 32, 0, 6, 30, 295.2),
(89, 42, 12, '11:25:00', '13:55:00', 13.5, 125, 33, 0, 6, 30, 302.3),
(90, 42, 31, '13:43:00', '17:54:00', 13.5, 125, 108, 0, 13, 93, 924.2),
(91, 43, 65, '08:01:00', '10:05:00', 18, 120, 35, 3, 6, 21, 207.2),
(92, 43, 57, '09:50:00', '11:33:00', 13.5, 125, 32, 0, 6, 30, 295.2),
(93, 43, 12, '11:25:00', '13:55:00', 13.5, 125, 33, 0, 6, 30, 302.3),
(94, 43, 31, '13:43:00', '17:54:00', 13.5, 125, 108, 0, 13, 93, 924.2),
(95, 43, 5, '08:15:00', '16:46:00', 15, 125, 104, 3, 20, 93, 938.9),
(96, 43, 8, '14:34:00', '16:51:00', 15, 125, 53, 0, 8, 46, 478.6),
(97, 43, 72, '15:30:00', '16:00:00', 15, 125, 0, 0, 0, 3, 17.1),
(105, 44, 42, '08:09:00', '08:47:00', 15, 130, 3, 4, 3, 10, 88.9),
(106, 44, 60, '08:40:00', '09:36:00', 15, 130, 20, 0, 3, 15, 137.3),
(107, 44, 75, '09:30:00', '13:08:00', 16, 130, 115, 0, 7, 57, 494.5),
(108, 44, 76, '12:34:00', '15:55:00', 15, 130, 145, 0, 11, 61, 532.5),
(109, 44, 39, '15:57:00', '17:15:00', 14, 130, 10, 0, 2, 16, 145.4),
(110, 44, 78, '15:43:00', '16:30:00', 14, 130, 10, 0, 2, 19, 162.9),
(111, 45, 31, '08:17:00', '09:30:00', 16, 130, 10, 4, 4, 29, 212.4),
(112, 45, 79, '15:40:00', '17:00:00', 16, 130, 15, 0, 3, 44, 321.1),
(113, 45, 49, '09:11:00', '13:54:00', 15, 125, 82, 0, 11, 54, 469.4),
(114, 45, 8, '13:40:00', '16:26:00', 13, 135, 49, 0, 6, 60, 540.3),
(115, 45, 39, '16:00:00', '17:00:00', 16, 130, 7, 0, 2, 8, 90.6),
(119, 46, 8, '08:48:00', '10:45:00', 15, 125, 46, 0, 7, 32, 328.9),
(120, 46, 39, '16:00:00', '17:00:00', 16, 130, 7, 0, 2, 8, 90.6),
(121, 46, 74, '11:40:00', '13:17:00', 125, 14, 18, 0, 2, 5, 52.1),
(122, 46, 8, '13:06:00', '17:50:00', 13, 130, 110, 0, 13, 75, 756),
(123, 47, 5, '08:51:00', '16:10:00', 16, 127, 153, 3, 21, 114, 1134.4),
(124, 48, 5, '08:51:00', '16:10:00', 16, 127, 153, 3, 21, 114, 1134.4),
(125, 48, 27, '08:30:00', '11:06:00', 125, 13.5, 41, 2, 11, 44, 456.6),
(126, 48, 12, '14:32:00', '16:50:00', 13.5, 125, 12, 0, 7, 34, 348.4),
(127, 48, 80, '10:52:00', '14:38:00', 13.5, 125, 6, 0, 12, 46, 478.9);

-- --------------------------------------------------------

--
-- Estructura de tabla para la tabla `detalle_recepcion_pesaje`
--

CREATE TABLE `detalle_recepcion_pesaje` (
  `id` int NOT NULL,
  `id_recepcion` int NOT NULL,
  `canastilla` float NOT NULL,
  `peso` float NOT NULL
) ENGINE=InnoDB DEFAULT CHARSET=utf8mb4 COLLATE=utf8mb4_unicode_ci;

--
-- Volcado de datos para la tabla `detalle_recepcion_pesaje`
--

INSERT INTO `detalle_recepcion_pesaje` (`id`, `id_recepcion`, `canastilla`, `peso`) VALUES
(11, 9, 4, 90.6),
(12, 9, 4, 56.7),
(13, 9, 4, 68.1),
(14, 9, 4, 67.7),
(15, 9, 4, 68.3),
(16, 9, 4, 79.1),
(17, 9, 4, 55.2),
(18, 9, 1, 22),
(19, 9, 1, 144),
(20, 10, 3, 77.2),
(21, 10, 3, 69.8),
(22, 10, 1, 24),
(23, 10, 1, 26),
(24, 11, 3, 58.5),
(25, 11, 3, 64),
(26, 11, 3, 52),
(27, 11, 3, 64),
(28, 11, 3, 76),
(29, 11, 2, 35),
(30, 11, 3, 60.2),
(31, 11, 3, 54),
(32, 11, 3, 68.2),
(33, 11, 3, 55.4),
(34, 11, 3, 48),
(35, 11, 3, 58.7),
(36, 11, 3, 64.8),
(37, 11, 3, 52),
(38, 11, 3, 48),
(39, 11, 3, 61),
(40, 11, 1, 36),
(66, 13, 3, 69.2),
(67, 13, 3, 86.6),
(68, 13, 3, 58.9),
(69, 13, 3, 78),
(70, 13, 3, 77.2),
(71, 13, 3, 67.8),
(72, 13, 3, 68.6),
(73, 13, 3, 77.4),
(74, 13, 3, 73.3),
(75, 13, 3, 73.9),
(76, 13, 3, 86.6),
(77, 13, 2, 32.3),
(78, 13, 1, 221),
(79, 14, 3, 64.9),
(80, 14, 3, 54.8),
(81, 14, 3, 70),
(82, 14, 3, 62.1),
(83, 14, 3, 69.3),
(84, 14, 3, 70),
(85, 14, 3, 61.6),
(86, 14, 3, 58.5),
(87, 14, 3, 62.4),
(88, 14, 3, 68.2),
(89, 14, 3, 88.4),
(90, 14, 3, 59.2),
(91, 14, 3, 65.5),
(92, 14, 3, 52.8),
(93, 14, 3, 57.9),
(94, 14, 3, 77.2),
(95, 14, 3, 86.9),
(96, 14, 3, 64.7),
(97, 14, 3, 60.9),
(98, 14, 3, 45.2),
(99, 14, 3, 45.9),
(100, 14, 3, 74.7),
(101, 14, 3, 43.7),
(102, 14, 3, 56.4),
(103, 14, 3, 50.6),
(104, 14, 3, 50.3),
(105, 14, 3, 42.6),
(106, 14, 3, 53.6),
(107, 14, 3, 58.2),
(108, 14, 3, 50.7),
(109, 14, 3, 56.4),
(110, 14, 3, 28.9),
(111, 14, 3, 48.2),
(112, 14, 3, 57.3),
(113, 14, 3, 59.1),
(114, 14, 3, 79.5),
(115, 14, 2, 31.7),
(116, 14, 1, 172),
(146, 18, 5, 98.5),
(147, 18, 10, 177.8),
(148, 18, 10, 207.4),
(149, 18, 10, 150),
(150, 18, 10, 203.7),
(151, 18, 10, 156.1),
(152, 18, 10, 175.5),
(153, 18, 10, 139.5),
(154, 18, 10, 164.1),
(155, 18, 10, 165),
(156, 18, 10, 177),
(157, 18, 10, 200.8),
(158, 18, 12, 215.8),
(159, 18, 1, 380),
(160, 19, 5, 69.2),
(161, 19, 5, 74.7),
(162, 19, 5, 76.5),
(163, 19, 5, 65),
(164, 19, 5, 59.4),
(165, 19, 5, 74.3),
(166, 19, 5, 55.3),
(167, 19, 5, 59.8),
(168, 19, 5, 69.9),
(169, 19, 5, 104.3),
(170, 19, 5, 97.5),
(171, 19, 5, 79),
(172, 19, 5, 82.2),
(173, 19, 5, 68.7),
(174, 19, 5, 107),
(175, 19, 5, 85.8),
(176, 19, 5, 57.2),
(177, 19, 5, 76.6),
(178, 19, 5, 65),
(179, 19, 4, 53.7),
(180, 19, 1, 243),
(207, 27, 5, 130.4),
(208, 27, 5, 144.4),
(209, 27, 1, 71),
(210, 28, 5, 95.2),
(211, 28, 5, 89.3),
(212, 28, 5, 74.6),
(213, 28, 5, 83.3),
(214, 28, 5, 79.2),
(215, 28, 5, 81.7),
(216, 28, 5, 77.3),
(217, 28, 5, 85),
(218, 28, 5, 79),
(219, 28, 5, 76),
(220, 28, 5, 79.9),
(221, 28, 5, 76.7),
(222, 28, 5, 81.5),
(223, 28, 5, 84.7),
(224, 28, 4, 42),
(225, 28, 1, 89.6),
(226, 29, 5, 108),
(227, 29, 5, 120.3),
(228, 29, 5, 88.7),
(229, 29, 5, 110.9),
(230, 29, 5, 92.1),
(231, 29, 5, 117.5),
(232, 29, 5, 115.5),
(233, 29, 5, 134),
(234, 29, 5, 96.4),
(235, 29, 5, 116),
(236, 29, 3, 53.4),
(237, 29, 1, 164),
(238, 30, 5, 78),
(239, 30, 5, 110),
(240, 30, 4, 99.5),
(241, 30, 4, 81.8),
(242, 30, 4, 77.4),
(243, 30, 5, 85),
(244, 30, 4, 72),
(245, 30, 4, 94.5),
(246, 30, 4, 85),
(247, 30, 4, 76),
(248, 30, 4, 61),
(249, 30, 3, 61.8),
(250, 30, 1, 100),
(251, 31, 5, 97.5),
(252, 31, 5, 127.7),
(253, 31, 1, 4.7),
(254, 32, 5, 102.4),
(255, 32, 5, 106.9),
(256, 32, 5, 99),
(257, 32, 4, 58.1),
(258, 32, 2, 34.9),
(259, 33, 5, 117.6),
(260, 33, 5, 90.8),
(261, 33, 5, 102.4),
(262, 33, 5, 104.2),
(263, 33, 5, 80.3),
(264, 33, 5, 95.4),
(265, 33, 5, 107.5),
(266, 33, 5, 86.7),
(267, 33, 5, 96.7),
(268, 33, 5, 95.9),
(269, 33, 1, 23.1),
(270, 33, 1, 357),
(271, 34, 10, 208.7),
(272, 34, 10, 215.6),
(273, 34, 10, 201.5),
(274, 34, 10, 195.5),
(275, 34, 10, 190),
(276, 34, 10, 202.1),
(277, 34, 8, 155.3),
(278, 34, 1, 140),
(279, 35, 4, 81.7),
(280, 35, 4, 88.8),
(281, 35, 4, 86.3),
(282, 35, 4, 105.7),
(283, 35, 1, 12),
(284, 36, 10, 159.6),
(285, 36, 10, 171.8),
(286, 36, 10, 145.1),
(287, 36, 10, 155.4),
(288, 36, 10, 153.5),
(289, 36, 10, 166.3),
(290, 36, 10, 163.7),
(291, 36, 10, 167.9),
(292, 36, 10, 159),
(293, 36, 10, 182.8),
(294, 36, 10, 149),
(295, 36, 8, 140),
(296, 36, 8, 108.8),
(297, 36, 1, 624),
(298, 37, 5, 108.8),
(299, 37, 5, 126.3),
(300, 37, 5, 81),
(301, 37, 5, 87),
(302, 37, 5, 115.7),
(303, 37, 5, 95.5),
(304, 37, 5, 98.3),
(305, 37, 5, 100.1),
(306, 37, 5, 98.8),
(307, 37, 5, 104.1),
(308, 37, 5, 88.2),
(309, 37, 6, 114.3),
(310, 37, 1, 102),
(311, 38, 4, 103.5),
(312, 38, 4, 94.7),
(313, 38, 4, 87),
(314, 38, 3, 76.3),
(315, 38, 4, 86),
(316, 38, 4, 88.5),
(317, 38, 4, 81.6),
(318, 38, 4, 70.1),
(319, 38, 4, 88.3),
(320, 38, 4, 76.4),
(321, 38, 4, 54.1),
(322, 38, 4, 83.9),
(323, 38, 4, 87.6),
(324, 38, 4, 107.2),
(325, 38, 4, 92.6),
(326, 38, 3, 72.8),
(327, 38, 4, 121),
(328, 38, 4, 80.9),
(329, 38, 5, 93.9),
(330, 38, 1, 140),
(331, 39, 4, 70.2),
(332, 39, 4, 66.1),
(333, 39, 4, 79.5),
(334, 39, 4, 47.8),
(335, 39, 4, 65.1),
(336, 39, 4, 53.5),
(337, 39, 4, 69.5),
(338, 39, 5, 90.6),
(339, 39, 5, 76.3),
(340, 39, 5, 86.3),
(341, 39, 5, 73.2),
(342, 39, 3, 52.4),
(343, 39, 1, 100),
(344, 40, 4, 51),
(345, 40, 4, 64.6),
(346, 40, 4, 66),
(347, 40, 4, 64.3),
(348, 40, 2, 37.7),
(349, 40, 1, 7),
(350, 41, 4, 65.4),
(351, 41, 5, 66.7),
(352, 41, 4, 71.4),
(353, 41, 4, 80.4),
(354, 41, 4, 91.2),
(355, 41, 4, 90.4),
(356, 41, 5, 91.5),
(357, 41, 4, 92),
(358, 41, 4, 78.3),
(359, 41, 4, 79.7),
(360, 41, 4, 88.7),
(361, 41, 3, 68.7),
(362, 41, 1, 32),
(363, 42, 5, 121.3),
(364, 42, 5, 92),
(365, 42, 5, 109.2),
(366, 42, 5, 111.3),
(367, 42, 5, 118.1),
(368, 42, 5, 111.2),
(369, 42, 5, 85.2),
(370, 42, 5, 120.2),
(371, 42, 5, 105),
(372, 42, 5, 98.5),
(373, 42, 5, 93.7),
(374, 42, 4, 98.7),
(375, 42, 5, 75.4),
(376, 42, 4, 75.8),
(377, 42, 2, 40.3),
(378, 42, 1, 70),
(379, 43, 5, 128.6),
(380, 43, 5, 148),
(381, 43, 5, 101.4),
(382, 43, 5, 121.4),
(383, 43, 5, 106),
(384, 43, 5, 104.4),
(385, 43, 5, 91),
(386, 43, 5, 77),
(387, 43, 5, 71.4),
(388, 43, 5, 132),
(389, 43, 5, 91.3),
(390, 43, 5, 63.5),
(391, 43, 5, 95.5),
(392, 43, 5, 69),
(393, 43, 5, 94),
(394, 43, 5, 112.2),
(395, 43, 5, 83),
(396, 43, 5, 120.6),
(397, 43, 5, 59),
(398, 43, 5, 99.6),
(399, 43, 5, 86.5),
(400, 43, 1, 104),
(401, 44, 3, 93),
(402, 44, 4, 103),
(403, 45, 1, 18.7),
(404, 45, 1, 168),
(405, 46, 3, 67),
(406, 46, 4, 71),
(407, 46, 4, 62.7),
(408, 46, 4, 78.9),
(409, 46, 4, 88.2),
(410, 46, 4, 61.6),
(411, 46, 4, 69.7),
(412, 46, 3, 31.5),
(413, 46, 1, 34),
(414, 47, 5, 88.9),
(415, 47, 5, 87.9),
(416, 47, 5, 103.2),
(417, 47, 5, 103.4),
(418, 47, 5, 96.5),
(419, 47, 5, 72.1),
(420, 47, 5, 89.1),
(421, 47, 5, 71.6),
(422, 47, 5, 89.4),
(423, 47, 5, 92),
(424, 47, 5, 61.6),
(425, 47, 5, 136),
(426, 47, 5, 97.6),
(427, 47, 5, 76),
(428, 47, 5, 84.9),
(429, 47, 5, 104.4),
(430, 47, 5, 85.7),
(431, 47, 5, 87.8),
(432, 47, 5, 72.8),
(433, 47, 5, 85),
(434, 47, 5, 117.6),
(435, 47, 5, 78.4),
(436, 47, 7, 118.7),
(437, 47, 1, 120),
(438, 48, 5, 127.3),
(439, 48, 5, 140.9),
(440, 48, 5, 77.4),
(441, 48, 5, 95.3),
(442, 48, 5, 76.4),
(443, 48, 5, 78.2),
(444, 48, 5, 83.5),
(445, 48, 3, 49.1),
(446, 48, 2, 23.5),
(447, 49, 10, 186.4),
(448, 49, 10, 182.8),
(449, 49, 10, 225.6),
(450, 49, 10, 187.2),
(451, 49, 10, 181.1),
(452, 49, 10, 194.4),
(453, 49, 10, 206.4),
(454, 49, 10, 205.6),
(455, 49, 10, 194.6),
(456, 49, 10, 211.2),
(457, 49, 10, 222.3),
(458, 49, 8, 166.8),
(459, 49, 1, 207),
(460, 50, 5, 87.7),
(461, 50, 5, 106.8),
(462, 50, 5, 77.7),
(463, 50, 5, 111),
(464, 50, 5, 84.5),
(465, 50, 5, 131.2),
(466, 50, 3, 104.5),
(467, 50, 1, 54),
(468, 51, 5, 101.1),
(469, 51, 5, 86.9),
(470, 51, 5, 92),
(471, 51, 5, 96),
(472, 51, 5, 76.3),
(473, 51, 5, 106.9),
(474, 51, 5, 130),
(475, 51, 2, 39.7),
(476, 51, 2, 34.2),
(477, 52, 5, 133.9),
(478, 52, 5, 97.8),
(479, 52, 5, 92.7),
(480, 52, 5, 87.1),
(481, 52, 5, 114.4),
(482, 52, 5, 95),
(483, 52, 5, 98.2),
(484, 52, 5, 125.4),
(485, 52, 5, 107.3),
(486, 52, 5, 123.8),
(487, 52, 1, 18),
(488, 53, 4, 64.7),
(489, 53, 4, 88.7),
(490, 53, 4, 73.6),
(491, 53, 4, 59.9),
(492, 53, 4, 52),
(493, 53, 4, 61.5),
(494, 53, 4, 59.2),
(495, 53, 4, 64.7),
(496, 53, 4, 93),
(497, 53, 4, 68.7),
(498, 53, 4, 86.8),
(499, 53, 4, 58.1),
(500, 53, 4, 63.4),
(501, 53, 4, 64.9),
(502, 53, 4, 71),
(503, 53, 4, 76.7),
(504, 53, 3, 38.8),
(505, 53, 1, 130),
(506, 54, 17, 212.7),
(507, 54, 18, 198),
(508, 54, 15, 210),
(509, 54, 16, 207.9),
(510, 54, 15, 201),
(511, 54, 17, 189.5),
(512, 54, 14, 152),
(513, 54, 13, 167.5),
(514, 54, 10, 163),
(515, 54, 13, 188),
(516, 54, 11, 162.9),
(517, 54, 10, 154.8),
(518, 54, 8, 154.8),
(519, 54, 13, 183.5),
(520, 54, 3, 46.4);

-- --------------------------------------------------------

--
-- Estructura de tabla para la tabla `detalle_temperatura`
--

CREATE TABLE `detalle_temperatura` (
  `id` int NOT NULL,
  `fecha_registro` date NOT NULL,
  `id_responsable` char(36) CHARACTER SET utf8mb4 COLLATE utf8mb4_bin NOT NULL,
  `id_cuarto` int NOT NULL,
  `id_registro` int NOT NULL,
  `horario` varchar(1000) COLLATE utf8mb4_unicode_ci NOT NULL,
  `hora` time NOT NULL,
  `temperatura` varchar(20) COLLATE utf8mb4_unicode_ci DEFAULT NULL,
  `observaciones` varchar(1000) COLLATE utf8mb4_unicode_ci DEFAULT NULL
) ENGINE=InnoDB DEFAULT CHARSET=utf8mb4 COLLATE=utf8mb4_unicode_ci;

-- --------------------------------------------------------

--
-- Estructura de tabla para la tabla `empleados`
--

CREATE TABLE `empleados` (
  `id` char(36) CHARACTER SET utf8mb4 COLLATE utf8mb4_bin NOT NULL,
  `identificacion` varchar(255) COLLATE utf8mb4_unicode_ci NOT NULL,
  `nombre` varchar(255) COLLATE utf8mb4_unicode_ci NOT NULL,
  `correo` varchar(255) COLLATE utf8mb4_unicode_ci NOT NULL,
  `telefono` varchar(255) COLLATE utf8mb4_unicode_ci DEFAULT NULL,
  `id_rol` tinyint NOT NULL,
  `creado_en` datetime NOT NULL,
  `actualizado_en` datetime NOT NULL,
  `estado` tinyint NOT NULL DEFAULT '1'
) ENGINE=InnoDB DEFAULT CHARSET=utf8mb4 COLLATE=utf8mb4_unicode_ci;

--
-- Volcado de datos para la tabla `empleados`
--

INSERT INTO `empleados` (`id`, `identificacion`, `nombre`, `correo`, `telefono`, `id_rol`, `creado_en`, `actualizado_en`, `estado`) VALUES
('051e17c6-3cbb-46fd-82d3-b0df01252fd5', '1000000011', 'Claudia Villada', 'claudia@gmail.com', '3115419141', 11, '2025-12-09 13:13:13', '2025-12-09 13:13:13', 1),
('0603625d-1076-41e0-9112-42dee9c3d003', '1000000003', 'Cristian Castaño', 'cristian@gmail.com', '3115419141', 17, '2025-12-09 12:47:15', '2025-12-09 12:47:15', 1),
('08e934bb-439e-4012-aed0-d5b0f0dd472b', '11111111111', 'Maria Moreno', 'Maria@gmail.com', '1234567890', 11, '2026-02-03 14:59:29', '2026-02-03 14:59:29', 1),
('0b1eb16a-bd9e-4ef4-831e-483cb3bb3fb1', '1000000014', 'camila', 'camila@gmail.com', '3115419141', 15, '2025-12-09 13:15:42', '2025-12-09 13:15:42', 1),
('1cfd8061-e0c2-4e2e-b29a-d147fdf8b57e', '1000000004', 'Angie Bañol', 'angie@gmail.com', '3115419141', 11, '2025-12-09 12:48:05', '2025-12-09 12:48:05', 1),
('23c249ab-637e-4af7-a6c6-7180432d4908', '1000000015', 'Andrea', 'andrea@gmail.com', '3115419141', 13, '2025-12-09 13:16:16', '2025-12-09 13:16:16', 1),
('31167379-f7cc-4f49-9ff9-ce5e8f3ba392', '1000000013', 'Gustavo', 'gust@gmail.com', '3115419141', 15, '2025-12-09 13:15:15', '2025-12-09 13:15:15', 1),
('4d5e043c-12b5-4a7c-aaa9-68f8dad3115e', '1113984517', 'Juan Camilo Quintero', 'juanCquintero@gmail.com', '3115419141', 22, '2025-12-29 16:43:15', '2025-12-29 16:43:15', 1),
('5658e03c-33d4-4131-b6f3-0c0e736c8184', '1000000000', 'Luisa Fernanda Serna', 'luisa@gmail.com', '3115419141', 18, '2025-12-09 12:38:04', '2025-12-09 12:38:04', 1),
('5e7707bc-83b6-4eb6-81ea-be1b17cb4e7a', '1000000002', 'Jairo', 'jairo@gmail.com', '3115419141', 17, '2025-12-09 12:45:32', '2025-12-09 12:45:32', 1),
('66479013-e468-40b0-b1d1-604b0403cb56', '1000000001', 'German Ortiz Londoño', 'german@gmail.com', '3115419141', 19, '2025-12-09 12:43:54', '2025-12-09 12:43:54', 1),
('67011c81-ac28-4091-9b73-554fae4c1fb9', '1000000018', 'Sally Tique', 'sally@gmail.com', '3115419141', 11, '2025-12-09 14:21:48', '2025-12-09 14:21:48', 1),
('7af9a93f-f5fd-4ab0-a27e-d00922dc65dc', '1000000012', 'Natalia Zapata', 'nat@gmail.com', '3115419141', 11, '2025-12-09 13:14:24', '2025-12-09 13:14:24', 1),
('864d20e2-1c55-4e3f-802f-79e1cfd7260f', '1000000009', 'Xiomara Mejia', 'xiomara@gmail.com', '3115419141', 11, '2025-12-09 13:06:52', '2025-12-09 13:06:52', 1),
('8c7a7ed2-1da6-4ae6-b8c8-96ecc97bf49a', '1000000019', 'Laura Loaiza', 'laura@gmail.com', '3115419141', 11, '2025-12-09 14:23:41', '2025-12-09 14:23:41', 1),
('9a3e9026-c6e3-4406-959e-9d4c92858922', '1113587542', 'Johs', 'josh@gmail.com', '3115419141', 16, '2026-01-19 14:19:56', '2026-01-19 14:19:56', 1),
('9a573d72-d501-408e-8876-b16acb8dea5a', '1000000007', 'Milena Correa', 'mile@gmail.com', '3115419141', 11, '2025-12-09 13:03:42', '2025-12-09 13:03:42', 1),
('a05f2f03-408a-462f-8f9a-2d63d5d568e6', '1234567890', 'Michel', 'Michel@gmail.com', '1111111111', 11, '2026-02-05 14:40:51', '2026-02-05 14:40:51', 1),
('a17cc72b-e091-4c2a-b505-1ea35ffa89f6', '1000000010', 'Karen Loaiza', 'karen@gmail.com', '3115419141', 11, '2025-12-09 13:07:57', '2025-12-09 13:07:57', 1),
('acd1e75e-6d7a-4b19-bd9a-153cedf293f4', '1000000008', 'Angie Torres', 'angieto@gmail.com', '3115419141', 14, '2025-12-09 13:05:09', '2025-12-09 13:05:09', 1),
('b777a1fb-5c2d-446e-ab57-dc7d19f44e19', '1000000016', 'Zoraida Morales', 'zoraida@gmail.com', '3115419141', 11, '2025-12-09 13:16:59', '2025-12-09 13:16:59', 1),
('c1d547da-fd89-4163-a23e-8563d6eb1b8e', '12345678910', 'Otros', 'Otros@gmail.com', '12345678910', 11, '2026-02-24 09:11:50', '2026-02-24 09:11:50', 1),
('d0977c7a-9b17-4e5b-9019-8a4a087448ca', '1000000017', 'Paula Giraldo', 'paula@gmail.com', '3115419141', 11, '2025-12-09 14:20:37', '2025-12-09 14:20:37', 1),
('e36df088-9f76-475a-b669-86196c05f39f', '1115232132', 'Maria', 'Maria1@gmail.com', '1223456782', 11, '2026-02-06 10:03:57', '2026-02-06 10:03:57', 1),
('e65dec75-c1c4-4f76-bfbb-28b950902105', '1000000020', 'Sebastian', 'sebastian@gmail.com', '3115419141', 21, '2025-12-09 14:24:41', '2025-12-09 14:24:41', 1),
('e89c90e7-60e2-4b32-b86d-99b92f78fad9', '1000000006', 'Valentina Garcia', 'valeng@gmail.com', '3115419141', 11, '2025-12-09 13:02:54', '2025-12-09 13:02:54', 1);

-- --------------------------------------------------------

--
-- Estructura de tabla para la tabla `historial_envios`
--

CREATE TABLE `historial_envios` (
  `id` int NOT NULL,
  `fecha` date NOT NULL,
  `orden` varchar(50) COLLATE utf8mb4_unicode_ci NOT NULL,
  `tipo_a` int DEFAULT '0',
  `tipo_b` int DEFAULT '0',
  `tipo_c` int DEFAULT '0',
  `tipo_af` int DEFAULT '0',
  `tipo_bh` int DEFAULT '0',
  `tipo_xl` int DEFAULT '0',
  `tipo_cil` int DEFAULT '0',
  `tipo_p` int DEFAULT '0',
  `fecha_registro` datetime DEFAULT CURRENT_TIMESTAMP
) ENGINE=InnoDB DEFAULT CHARSET=utf8mb4 COLLATE=utf8mb4_unicode_ci;

-- --------------------------------------------------------

--
-- Estructura de tabla para la tabla `historial_sobrantes`
--

CREATE TABLE `historial_sobrantes` (
  `id` int NOT NULL,
  `fecha` date NOT NULL,
  `orden` varchar(50) COLLATE utf8mb4_unicode_ci NOT NULL,
  `tipo_a` int DEFAULT '0',
  `tipo_b` int DEFAULT '0',
  `tipo_c` int DEFAULT '0',
  `tipo_af` int DEFAULT '0',
  `tipo_bh` int DEFAULT '0',
  `tipo_xl` int DEFAULT '0',
  `tipo_cil` int DEFAULT '0',
  `tipo_p` int DEFAULT '0',
  `fecha_registro` datetime DEFAULT CURRENT_TIMESTAMP,
  `estado` int NOT NULL,
  `orden_asignado` varchar(50) COLLATE utf8mb4_unicode_ci DEFAULT NULL
) ENGINE=InnoDB DEFAULT CHARSET=utf8mb4 COLLATE=utf8mb4_unicode_ci;

-- --------------------------------------------------------

--
-- Estructura de tabla para la tabla `inventario_insumo`
--

CREATE TABLE `inventario_insumo` (
  `id` int NOT NULL,
  `nombre` varchar(255) COLLATE utf8mb4_unicode_ci NOT NULL,
  `medida` varchar(100) COLLATE utf8mb4_unicode_ci NOT NULL,
  `stock` int NOT NULL,
  `id_proveedor` int NOT NULL,
  `area` varchar(150) COLLATE utf8mb4_unicode_ci NOT NULL,
  `estado` tinyint NOT NULL DEFAULT '1'
) ENGINE=InnoDB DEFAULT CHARSET=utf8mb4 COLLATE=utf8mb4_unicode_ci;

--
-- Volcado de datos para la tabla `inventario_insumo`
--

INSERT INTO `inventario_insumo` (`id`, `nombre`, `medida`, `stock`, `id_proveedor`, `area`, `estado`) VALUES
(1, 'Guantes', 'Caja', 3, 1, 'Aseo', 1);

-- --------------------------------------------------------

--
-- Estructura de tabla para la tabla `inventario_materia_prima`
--

CREATE TABLE `inventario_materia_prima` (
  `id` int NOT NULL,
  `fecha_recepcion` date NOT NULL,
  `producto` varchar(100) COLLATE utf8mb4_unicode_ci NOT NULL,
  `lote_proveedor` varchar(100) COLLATE utf8mb4_unicode_ci NOT NULL,
  `materia_recp` float NOT NULL DEFAULT '0',
  `materia_proceso` float NOT NULL DEFAULT '0',
  `id_proveedor` int NOT NULL,
  `estado` tinyint NOT NULL DEFAULT '1'
) ENGINE=InnoDB DEFAULT CHARSET=utf8mb4 COLLATE=utf8mb4_unicode_ci;

--
-- Volcado de datos para la tabla `inventario_materia_prima`
--

INSERT INTO `inventario_materia_prima` (`id`, `fecha_recepcion`, `producto`, `lote_proveedor`, `materia_recp`, `materia_proceso`, `id_proveedor`, `estado`) VALUES
(36, '2025-11-17', 'Comino', 'OSC171125', 591.7, 560, 7, 1),
(37, '2025-11-18', 'Comino', 'NIC181125', 3276, 3276, 5, 1),
(38, '2025-11-18', 'Comino', 'FRU181125', 1636, 1636, 4, 1),
(39, '2025-11-21', 'Comino', 'DAN211125', 1620, 1620, 8, 1),
(40, '2025-11-21', 'Comino', 'JUA211125', 181, 180, 6, 1),
(41, '2025-11-22', 'Comino', 'DAN221125', 860, 860, 8, 1),
(43, '2025-11-24', 'Comino', 'OSC241125', 998.8, 1208, 7, 1),
(44, '2025-11-25', 'Comino', 'ORL251125', 2138.3, 2048, 10, 1),
(45, '2025-11-22', 'Comino', 'FRU221125', 207, 207, 4, 1),
(47, '2025-11-25', 'Comino', 'FRU251125', 2265, 2265, 4, 1),
(48, '2025-11-27', 'Comino', 'MAR271125', 2497, 2497, 11, 1),
(49, '2025-11-28', 'Comino', 'FRU281125', 287, 287, 4, 1),
(50, '2025-11-28', 'Comino', 'DAN281125', 2400, 2400, 8, 1),
(51, '2025-11-28', 'Comino', 'OSC281125', 386, 386, 7, 1),
(52, '2025-11-29', 'Comino', 'LEA291125', 1320, 1320, 12, 1),
(53, '2025-11-29', 'Comino', 'DAN291125', 2057, 2057, 8, 1),
(54, '2025-11-24', 'Comino', 'NIC241125', 2836, 2836, 5, 1),
(55, '2025-11-22', 'Comino', 'MAZ221125', 908, 908, 13, 1),
(60, '2026-02-14', 'Comino', 'ASO14226', 2355.2, 2360, 8, 1),
(61, '2026-02-15', 'Comino', 'NIC15226', 1524.1, 1560, 5, 1),
(66, '2026-02-16', 'Comino', 'FRU16226', 323.8, 200, 4, 1),
(67, '2026-02-16', 'Comino', 'FRU16226', 1125, 900, 69, 1),
(68, '2026-02-14', 'Comino', 'CLA14226', 1208.8, 1220, 12, 1),
(69, '2026-02-17', 'Comino', 'FRU17226', 1077, 1077, 69, 1),
(71, '2026-02-17', 'Comino', 'YEI17226', 660, 660, 39, 1),
(72, '2026-02-17', 'Comino', 'FRU17226', 340, 340, 4, 1),
(73, '2026-02-18', 'Comino', 'JHO18226', 2394, 2394, 40, 1),
(74, '2026-02-18', 'Comino', 'GLO18226', 660, 660, 58, 1),
(75, '2026-02-18', 'Comino', 'YEI18226', 700, 700, 39, 1),
(76, '2026-02-18', 'Comino', 'YEI18226', 260, 260, 48, 1),
(77, '2026-02-19', 'Comino', 'YEI19226', 1700, 1700, 48, 1),
(78, '2026-02-19', 'Comino', 'GER19226', 2880, 2880, 31, 1),
(79, '2026-02-19', 'Comino', 'RIC19226', 480, 480, 45, 1),
(80, '2026-02-19', 'Comino', 'ASO19226', 900, 900, 51, 1),
(82, '2026-02-13', 'Comino', 'ASO13226', 200, 200, 8, 1),
(83, '2026-02-16', 'Comino', 'AGR16226', 248, 248, 72, 1),
(84, '2026-02-18', 'Comino', 'AGR18226', 20, 20, 72, 1),
(85, '2026-02-19', 'Comino', 'AGR19226', 38, 38, 72, 1),
(86, '2026-02-20', 'Comino', 'AGR20226', 15, 15, 72, 1),
(87, '2026-02-20', 'Comino', 'ASO20226', 2129, 2129, 8, 1),
(88, '2026-02-21', 'Comino', 'GER21226', 1200, 1200, 31, 1),
(89, '2026-02-21', 'Comino', 'ASO21226', 1920, 1920, 8, 1),
(90, '2026-02-20', 'Comino', 'FRU20226', 460, 460, 73, 1),
(91, '2026-02-20', 'Comino', 'FRU20226', 440, 440, 74, 1),
(92, '2026-02-23', 'Comino', 'ASO23226', 980, 1017, 8, 1),
(93, '2026-02-23', 'Comino', 'RIC23226', 207.9, 215, 42, 1),
(94, '2026-02-23', 'Comino', 'YOS23226', 359.3, 360, 60, 1),
(95, '2026-02-23', 'Comino', 'FRU23226', 1253.6, 1300, 75, 1),
(96, '2026-02-23', 'Comino', 'FRU23226', 1370.7, 1437, 76, 1),
(97, '2026-02-24', 'Comino', 'YEI24226', 340.5, 354, 39, 1),
(98, '2026-02-22', 'Comino', 'NIC22226', 2392.9, 2540, 5, 1),
(99, '2026-02-25', 'Comino', 'ASO25226', 1196.1, 1240, 8, 1),
(100, '2026-02-25', 'Comino', 'RAU25226', 1634.4, 1680, 46, 1),
(101, '2026-02-25', 'Comino', 'YOH25226', 826.5, 800, 65, 1),
(102, '2026-02-24', 'Comino', 'LUI24226', 252.6, 257, 77, 1),
(103, '2026-02-24', 'Comino', 'INV24226', 896.4, 940, 78, 1),
(122, '2026-02-26', 'Comino', 'VIC26226', 1383.9, 1360, 49, 1),
(123, '2026-02-27', 'Comino', 'ASO27226', 1947.4, 2120, 8, 1),
(124, '2026-02-27', 'Comino', 'YEI27226', 182, 184, 39, 1),
(125, '2026-02-27', 'Comino', 'FRU27226', 182.7, 187, 74, 1),
(126, '2026-02-28', 'Comino', 'GER28226', 502.6, 531, 31, 1),
(127, '2026-02-28', 'Comino', 'ASO28226', 1984.6, 2080, 8, 1),
(128, '2026-02-26', 'Comino', 'FAB26226', 671.6, 660, 79, 1),
(129, '2026-02-26', 'Comino', 'GER26226', 2333.4, 2438, 31, 1),
(130, '2026-02-26', 'Comino', 'CLA26226', 689.4, 720, 12, 1),
(131, '2026-02-25', 'Comino', 'GLA25226', 685.1, 680, 57, 1),
(137, '2026-02-23', 'Comino', 'AGR23226', 60, 60, 72, 1),
(138, '2026-03-02', 'Comino', 'DAN2326', 991.6, 1000, 27, 1),
(139, '2026-03-03', 'Comino', 'CLA3326', 1139.7, 600, 12, 1),
(140, '2026-03-02', 'Comino', 'NIC2326', 2206, 2829, 5, 1),
(141, '2026-03-02', 'Comino', 'FRU2326', 954, 954, 80, 1);

-- --------------------------------------------------------

--
-- Estructura de tabla para la tabla `inventario_platano_maduro`
--

CREATE TABLE `inventario_platano_maduro` (
  `id` int NOT NULL,
  `fecha` date NOT NULL,
  `producto` varchar(150) COLLATE utf8mb4_unicode_ci NOT NULL,
  `lote_proveedor` varchar(150) COLLATE utf8mb4_unicode_ci NOT NULL,
  `cantidad` float NOT NULL DEFAULT '0',
  `id_proveedor` int NOT NULL,
  `estado` tinyint NOT NULL DEFAULT '1'
) ENGINE=InnoDB DEFAULT CHARSET=utf8mb4 COLLATE=utf8mb4_unicode_ci;

--
-- Volcado de datos para la tabla `inventario_platano_maduro`
--

INSERT INTO `inventario_platano_maduro` (`id`, `fecha`, `producto`, `lote_proveedor`, `cantidad`, `id_proveedor`, `estado`) VALUES
(20, '2025-11-18', 'Comino', 'NIC181125', 152.6, 5, 1),
(21, '2025-11-22', 'Comino', 'FRU221125', 13, 4, 1),
(22, '2025-11-23', 'Comino', 'NIC231125', 32, 5, 1),
(23, '2025-11-25', 'Comino', 'FRU251125', 17.7, 4, 1),
(24, '2025-11-17', 'Comino', 'OSC171125', 33, 7, 1),
(25, '2025-11-18', 'Comino', 'FRU181125', 13.1, 4, 1),
(26, '2025-11-21', 'Comino', 'DAN211125', 2.6, 8, 1),
(27, '2025-11-21', 'Comino', 'JUA211125', 0, 6, 1),
(28, '2025-11-22', 'Comino', 'DAN221125', 14, 8, 1),
(29, '2025-11-22', 'Comino', 'MAZ221125', 24, 13, 1),
(30, '2025-11-22', 'Comino', 'DAN221125', 14, 8, 1),
(31, '2025-11-25', 'Comino', 'ORL251125', 13.6, 10, 1),
(32, '2025-11-24', 'Comino', 'OSC241125', 5, 7, 1),
(33, '2025-11-27', 'Comino', 'MAR271125', 6.1, 11, 1),
(34, '2025-11-28', 'Comino', 'FRU281125', 0, 4, 1),
(35, '2025-11-28', 'Comino', 'DAN281125', 2.9, 8, 1),
(36, '2025-11-29', 'Comino', 'OSC281125', 0, 7, 1),
(37, '2025-11-29', 'Comino', 'DAN291125', 8.3, 8, 1),
(38, '2025-11-29', 'Comino', 'LEA291125', 0, 12, 1),
(39, '2025-11-24', 'Comino', 'NIC241125', 82.5, 5, 1),
(41, '2026-02-14', 'Comino', 'ASO14226', 358, 8, 1),
(42, '2026-02-14', 'Comino', 'CLA14226', 270, 12, 1),
(43, '2026-02-14', 'Comino', 'ASO13226', 0, 8, 1),
(44, '2026-02-16', 'Comino', 'ASO16226', 0, 8, 1),
(45, '2026-02-16', 'Comino', 'NIC15226', 0, 5, 1),
(46, '2026-02-16', 'Comino', 'AGR16226', 0, 72, 1),
(47, '2026-02-16', 'Comino', 'FRU16226', 0, 4, 1),
(48, '2026-02-18', 'Comino', 'JHO18226', 0, 40, 1),
(49, '2026-02-18', 'Comino', 'YEI18226', 0, 39, 1),
(50, '2026-02-18', 'Comino', 'YEI18226', 0, 48, 1),
(51, '2026-02-18', 'Comino', 'GLO18226', 0, 58, 1),
(52, '2026-02-18', 'Comino', 'AGR18226', 0, 72, 1),
(53, '2026-02-19', 'Comino', 'YEI19226', 0, 48, 1),
(54, '2026-02-19', 'Comino', 'GER19226', 0, 31, 1),
(55, '2026-02-19', 'Comino', 'AGR19226', 0, 72, 1),
(56, '2026-02-17', 'Comino', 'FRU17226', 0, 69, 1),
(57, '2026-02-17', 'Comino', 'FRU17226', 0, 4, 1),
(58, '2026-02-17', 'Comino', 'AGR17226', 0, 72, 1),
(59, '2026-02-17', 'Comino', 'YEI17226', 0, 39, 1),
(60, '2026-02-20', 'Comino', 'RIC19226', 0, 45, 1),
(61, '2026-02-20', 'Comino', 'AGR20226', 0, 72, 1),
(62, '2026-02-20', 'Comino', 'ASO20226', 0, 8, 1),
(63, '2026-02-20', 'Comino', 'ASO19226', 0, 51, 1),
(64, '2026-02-21', 'Comino', 'FRU20226', 0, 73, 1),
(65, '2026-02-21', 'Comino', 'ASO21226', 0, 8, 1),
(66, '2026-02-21', 'Comino', 'FRU20226', 0, 74, 1),
(67, '2026-02-21', 'Comino', 'GER21226', 0, 31, 1),
(68, '2026-02-25', 'Comino', 'ASO25226', 0, 8, 1),
(69, '2026-02-25', 'Comino', 'LUI24226', 0, 77, 1),
(70, '2026-02-25', 'Comino', 'INV24226', 0, 78, 1),
(71, '2026-02-25', 'Comino', 'RAU25226', 0, 46, 1),
(72, '2026-02-25', 'Comino', 'YOH25226', 0, 65, 1),
(73, '2026-02-23', 'Comino', 'ASO23226', 0, 8, 1),
(74, '2026-02-23', 'Comino', 'NIC22226', 0, 5, 1),
(75, '2026-02-24', 'Comino', 'FRU23226', 0, 75, 1),
(76, '2026-02-24', 'Comino', 'YOS23226', 0, 60, 1),
(77, '2026-02-24', 'Comino', 'RIC23226', 0, 42, 1),
(78, '2026-02-24', 'Comino', 'YEI24226', 0, 39, 1),
(79, '2026-02-24', 'Comino', 'FRU23226', 0, 76, 1),
(80, '2026-02-26', 'Comino', 'GLA25226', 0, 57, 1),
(81, '2026-02-26', 'Comino', 'CLA26226', 3.9, 12, 1),
(82, '2026-02-26', 'Comino', 'GER26226', 0, 31, 1),
(83, '2026-02-27', 'Comino', 'VIC26226', 2.4, 49, 1),
(84, '2026-02-27', 'Comino', 'ASO27226', 0, 8, 1),
(85, '2026-02-27', 'Comino', 'FAB26226', 5.3, 79, 1),
(86, '2026-02-27', 'Comino', 'YEI27226', 0, 39, 1),
(87, '2026-02-28', 'Comino', 'FRU27226', 0, 74, 1),
(88, '2026-02-28', 'Comino', 'ASO28226', 0, 8, 1),
(89, '2026-02-28', 'Comino', 'GER28226', 0, 31, 1),
(90, '2026-03-02', 'Comino', 'NIC2326', 105.4, 5, 1),
(91, '2026-03-02', 'Comino', 'DAN2326', 6.8, 27, 1),
(92, '2026-03-03', 'Comino', 'CLA3326', 0, 12, 1),
(93, '2026-03-03', 'Comino', 'FRU2326', 2.5, 80, 1);

-- --------------------------------------------------------

--
-- Estructura de tabla para la tabla `lotes_fritura`
--

CREATE TABLE `lotes_fritura` (
  `id` int NOT NULL,
  `id_fritura` int NOT NULL,
  `fecha_produccion` date NOT NULL,
  `lote_produccion` varchar(150) COLLATE utf8mb4_unicode_ci NOT NULL,
  `tipo` varchar(50) COLLATE utf8mb4_unicode_ci NOT NULL,
  `canastas` int NOT NULL,
  `cantidad_kg` float NOT NULL,
  `estado` tinyint NOT NULL DEFAULT '1'
) ENGINE=InnoDB DEFAULT CHARSET=utf8mb4 COLLATE=utf8mb4_unicode_ci;

--
-- Volcado de datos para la tabla `lotes_fritura`
--

INSERT INTO `lotes_fritura` (`id`, `id_fritura`, `fecha_produccion`, `lote_produccion`, `tipo`, `canastas`, `cantidad_kg`, `estado`) VALUES
(55, 23, '2025-11-18', 'CA20251118', 'A', 145, 1569.4, 1),
(56, 23, '2025-11-18', 'CAF20251118', 'AF', 29, 332.1, 1),
(57, 23, '2025-11-18', 'CXL20251118', 'XL', 6, 44.2, 1),
(58, 24, '2025-11-19', 'CA20251119', 'A', 56, 614.9, 0),
(59, 24, '2025-11-19', 'CAF20251119', 'AF', 12, 136.3, 0),
(60, 25, '2025-11-21', 'CA20251121', 'A', 73, 819.3, 0),
(61, 25, '2025-11-21', 'CAF20251121', 'AF', 10, 115.3, 0),
(62, 26, '2025-11-22', 'CA20251122', 'A', 73, 824.5, 0),
(63, 26, '2025-11-22', 'CAF20251122', 'AF', 20, 241.5, 0),
(64, 27, '2025-11-24', 'CA20251124', 'A', 105, 1177.9, 0),
(65, 27, '2025-11-24', 'CAF20251124', 'AF', 24, 276.3, 0),
(66, 27, '2025-11-24', 'CCIL20251124', 'CIL', 7, 82.9, 0),
(67, 28, '2025-11-25', 'CAF20251125', 'AF', 27, 279.3, 0),
(68, 28, '2025-11-25', 'CA20251125', 'A', 97, 1070.7, 0),
(69, 28, '2025-11-25', 'CCIL20251125', 'CIL', 3, 31.3, 0),
(70, 29, '2025-11-26', 'CA20251126', 'A', 78, 866, 0),
(71, 29, '2025-11-26', 'CAF20251126', 'AF', 13, 151.3, 0),
(72, 29, '2025-11-26', 'CCIL20251126', 'CIL', 9, 85, 0),
(73, 30, '2025-11-27', 'CA20251127', 'A', 101, 1120.1, 0),
(74, 30, '2025-11-27', 'CAF20251127', 'AF', 9, 103.2, 0),
(75, 30, '2025-11-27', 'CCIL20251127', 'CIL', 3, 33.7, 0),
(76, 31, '2025-11-28', 'CA20251128', 'A', 102, 1161.3, 0),
(77, 31, '2025-11-28', 'CAF20251128', 'AF', 21, 238.6, 0),
(78, 31, '2025-11-28', 'CCIL20251128', 'CIL', 4, 47.2, 0),
(79, 32, '2025-11-29', 'CA20251129', 'A', 112, 1305.6, 0),
(80, 32, '2025-11-29', 'CAF20251129', 'AF', 15, 182.3, 0),
(81, 32, '2025-11-29', 'CCIL20251129', 'CIL', 27, 298.3, 0),
(83, 34, '2026-02-19', 'CA20260219', 'A', 193, 2273.2, 0),
(84, 34, '2026-02-19', 'CAF20260219', 'AF', 23, 280.1, 0),
(85, 34, '2026-02-19', 'CXL20260219', 'XL', 3, 22.7, 1),
(86, 35, '2026-02-14', 'CA20260214', 'A', 29, 324.8, 1),
(87, 35, '2026-02-14', 'CAF20260214', 'AF', 8, 73.4, 1),
(88, 36, '2026-02-16', 'CA20260216', 'A', 122, 1430.7, 1),
(89, 36, '2026-02-16', 'CAF20260216', 'AF', 18, 216, 1),
(90, 36, '2026-02-16', 'CXL20260216', 'XL', 13, 120.9, 1),
(91, 37, '2026-02-17', 'CA20260217', 'A', 146, 1689.4, 1),
(92, 37, '2026-02-17', 'CAF20260217', 'AF', 17, 205.8, 0),
(93, 37, '2026-02-17', 'CXL20260217', 'XL', 5, 41.8, 1),
(94, 38, '2026-02-20', 'CA20260220', 'A', 114, 1248.2, 0),
(95, 38, '2026-02-20', 'CAF20260220', 'AF', 15, 174.9, 0),
(96, 39, '2026-02-21', 'CAF20260221', 'AF', 19, 215, 1),
(97, 39, '2026-02-21', 'CA20260221', 'A', 128, 1418.9, 1),
(98, 40, '2026-02-18', 'CA20260218', 'A', 144, 1647.7, 1),
(99, 40, '2026-02-18', 'CAF20260218', 'AF', 17, 215.4, 1),
(100, 40, '2026-02-18', 'CCIL20260218', 'CIL', 1, 14.9, 1),
(101, 40, '2026-02-18', 'CXL20260218', 'XL', 2, 12.9, 1),
(102, 41, '2026-02-25', 'CA20260225', 'A', 138, 1548.7, 1),
(103, 41, '2026-02-25', 'CAF20260225', 'AF', 16, 188.3, 1),
(104, 42, '2026-02-26', 'CA20260226', 'A', 150, 1691.1, 1),
(105, 42, '2026-02-26', 'CAF20260226', 'AF', 16, 175.6, 1),
(106, 42, '2026-02-26', 'CCIL20260226', 'CIL', 8, 76.7, 1),
(107, 43, '2026-02-23', 'CA20260223', 'A', 117, 1328.3, 1),
(108, 43, '2026-02-23', 'CAF20260223', 'AF', 22, 255.7, 1),
(109, 43, '2026-02-23', 'CXL20260223', 'XL', 3, 21.6, 1),
(110, 44, '2026-02-24', 'CA20260224', 'A', 162, 1632.2, 1),
(111, 44, '2026-02-24', 'CAF20260224', 'AF', 12, 114.3, 1),
(112, 44, '2026-02-24', 'CCIL20260224', 'CIL', 4, 40, 1),
(113, 45, '2026-02-27', 'CA20260227', 'A', 165, 1565.5, 1),
(114, 45, '2026-02-27', 'CAF20260227', 'AF', 30, 321.8, 1),
(115, 46, '2026-02-28', 'CA20260228', 'A', 83, 943.9, 1),
(116, 46, '2026-02-28', 'CAF20260228', 'AF', 6, 62.1, 1),
(117, 46, '2026-02-28', 'CCIL20260228', 'CIL', 23, 266, 1),
(118, 47, '2026-03-02', 'CA20260302', 'A', 99, 1105.7, 1),
(119, 47, '2026-03-02', 'CAF20260302', 'AF', 13, 149.7, 1),
(120, 47, '2026-03-02', 'CCIL20260302', 'CIL', 2, 18.5, 1),
(121, 48, '2026-03-03', 'CA20260303', 'A', 100, 1146.3, 1),
(122, 48, '2026-03-03', 'CAF20260303', 'AF', 10, 118.8, 1),
(123, 48, '2026-03-03', 'CCIL20260303', 'CIL', 14, 159.8, 1);

-- --------------------------------------------------------

--
-- Estructura de tabla para la tabla `ordenes_produccion`
--

CREATE TABLE `ordenes_produccion` (
  `id` int NOT NULL,
  `numero_orden` int NOT NULL,
  `observaciones` varchar(200) COLLATE utf8mb4_unicode_ci DEFAULT NULL,
  `lote_contenedor` varchar(50) COLLATE utf8mb4_unicode_ci NOT NULL,
  `fecha_inicial` date NOT NULL,
  `fecha_estimada` date NOT NULL,
  `id_cliente` int NOT NULL,
  `id_elaboracion` char(36) CHARACTER SET utf8mb4 COLLATE utf8mb4_bin NOT NULL,
  `id_notificacion` char(36) CHARACTER SET utf8mb4 COLLATE utf8mb4_bin NOT NULL,
  `id_autorizacion` char(36) CHARACTER SET utf8mb4 COLLATE utf8mb4_bin NOT NULL,
  `fecha_solicitud` date NOT NULL,
  `estado` tinyint NOT NULL DEFAULT '1'
) ENGINE=InnoDB DEFAULT CHARSET=utf8mb4 COLLATE=utf8mb4_unicode_ci;

--
-- Volcado de datos para la tabla `ordenes_produccion`
--

INSERT INTO `ordenes_produccion` (`id`, `numero_orden`, `observaciones`, `lote_contenedor`, `fecha_inicial`, `fecha_estimada`, `id_cliente`, `id_elaboracion`, `id_notificacion`, `id_autorizacion`, `fecha_solicitud`, `estado`) VALUES
(1, 4333, 'No hay Observaciones', 'wwww', '2026-01-22', '2026-01-30', 1, '66479013-e468-40b0-b1d1-604b0403cb56', '5658e03c-33d4-4131-b6f3-0c0e736c8184', '4d5e043c-12b5-4a7c-aaa9-68f8dad3115e', '2026-01-23', 0);

-- --------------------------------------------------------

--
-- Estructura de tabla para la tabla `producciones`
--

CREATE TABLE `producciones` (
  `id` int NOT NULL,
  `lote_produccion` varchar(255) COLLATE utf8mb4_unicode_ci NOT NULL,
  `cliente_relacionado` varchar(45) COLLATE utf8mb4_unicode_ci DEFAULT NULL,
  `fecha_creacion` date NOT NULL,
  `fecha_cierre` date DEFAULT NULL,
  `numero_cajas` int NOT NULL,
  `id_responsable` char(36) CHARACTER SET utf8mb4 COLLATE utf8mb4_bin NOT NULL,
  `estado` tinyint NOT NULL DEFAULT '1',
  `estado_sincronizado` tinyint NOT NULL DEFAULT '1'
) ENGINE=InnoDB DEFAULT CHARSET=utf8mb4 COLLATE=utf8mb4_unicode_ci;

--
-- Volcado de datos para la tabla `producciones`
--

INSERT INTO `producciones` (`id`, `lote_produccion`, `cliente_relacionado`, `fecha_creacion`, `fecha_cierre`, `numero_cajas`, `id_responsable`, `estado`, `estado_sincronizado`) VALUES
(25, 'C181125', '', '2025-11-18', '2025-12-01', 2400, '66479013-e468-40b0-b1d1-604b0403cb56', 1, 3),
(32, 'C110226', '', '2026-02-11', '2026-02-17', 2040, '66479013-e468-40b0-b1d1-604b0403cb56', 1, 2);

-- --------------------------------------------------------

--
-- Estructura de tabla para la tabla `proveedores_insumos`
--

CREATE TABLE `proveedores_insumos` (
  `id` int NOT NULL,
  `nombre` varchar(150) COLLATE utf8mb4_unicode_ci NOT NULL,
  `identificacion` varchar(20) COLLATE utf8mb4_unicode_ci NOT NULL,
  `movil` varchar(100) COLLATE utf8mb4_unicode_ci NOT NULL,
  `estado` tinyint NOT NULL DEFAULT '1'
) ENGINE=InnoDB DEFAULT CHARSET=utf8mb4 COLLATE=utf8mb4_unicode_ci;

--
-- Volcado de datos para la tabla `proveedores_insumos`
--

INSERT INTO `proveedores_insumos` (`id`, `nombre`, `identificacion`, `movil`, `estado`) VALUES
(1, 'Distribuciones SAS', '900662046', '3009876541', 1);

-- --------------------------------------------------------

--
-- Estructura de tabla para la tabla `proveedores_materia_prima`
--

CREATE TABLE `proveedores_materia_prima` (
  `id` int NOT NULL,
  `nombre` varchar(100) COLLATE utf8mb4_unicode_ci NOT NULL,
  `identificacion` varchar(20) COLLATE utf8mb4_unicode_ci NOT NULL,
  `movil` varchar(100) COLLATE utf8mb4_unicode_ci NOT NULL,
  `estado` tinyint NOT NULL DEFAULT '1'
) ENGINE=InnoDB DEFAULT CHARSET=utf8mb4 COLLATE=utf8mb4_unicode_ci;

--
-- Volcado de datos para la tabla `proveedores_materia_prima`
--

INSERT INTO `proveedores_materia_prima` (`id`, `nombre`, `identificacion`, `movil`, `estado`) VALUES
(1, 'Rigoberto', '1114549687', '3009876541', 1),
(2, 'Antonio Areas', '1113654871', '3009876541', 1),
(3, 'Mario Andrés Gutiérrez', '2147483647', '3009876541', 1),
(4, 'Frutales Quintero (Raizal)', '901560569', '3147400855', 1),
(5, 'Nicolas Alberto Murillo Restrepo', '94262051', '60666666', 1),
(6, 'Juan Garcia', '2147483657', '3009876541', 1),
(7, 'Oscar Quimballa', '1234567890', '1093768541', 1),
(8, 'Asociacion Coplacol Del Aguila Valle (Daniel Rodas)', '901770260', '3207537326', 1),
(10, 'Orlando De Jesus Hernandez Grisales', '4390474', '3146089483', 1),
(11, 'Gladys Natalia Arias Quiceno (Mario Hoyos)', '1041203608', '3138745603', 1),
(12, 'Claudia Patricia Giraldo Rios (leandro)', '29449296', '3225958091', 1),
(13, 'Juan David Mazuera Giraldo (Mazuera)', '94435056', '3127674585', 1),
(25, 'Luis Arvey Murillo Restrepo', '94262995', '3128086159', 1),
(26, 'Hector Fabio Gonzalez Londoño', '18604965', '3116315510', 1),
(27, 'Daniel Steven Atehortua Rendon', '1113861205', '3017148783', 1),
(29, 'John Fredy Salazar Hurtado', '16226703', '311740401', 1),
(30, 'Corporacion Belen', '900354455', '6022131161', 1),
(31, 'German De Jesus Restrepo Agudelo', '75158014', '3173310475', 1),
(32, 'Karol Estefany Giraldo Zuluaga', '1144060292', '3183689469', 1),
(33, 'Henry Alberto Higuita Quiroz', '1086279783', '3216135914', 1),
(34, 'Sara Lucia Raigosa Hernandez', '1193230080', '3218588591', 1),
(35, 'Jose Alejandro Gutierrez Valencia', '14571427', '3145004472', 1),
(36, 'Juan Felipe Mejia Tabares', '1112474501', '3104452531', 1),
(37, 'Luis Jairo Vasquez Montoya', '18604022', '3145019295', 1),
(38, 'Juan Camilo Quintero Gomez', '1112760685', '3147400857', 1),
(39, 'Yeison Lubian Sanchez Marin', '1114786370', '3146389178', 1),
(40, 'Jhon Faber Carmona Mejia', '7556478', '3136366464', 1),
(41, 'Agromaki SAS', '901667334', '3102097654', 1),
(42, 'Ricardo Andres Herrera Porras', '10001152', '3103580050', 1),
(43, 'Juan Camilo Gutierrez Velasquez', '14572481', '3143184242', 1),
(44, 'Luz Marina Valencia Gartner', '34057127', '6063350280', 1),
(45, 'Ricardo Oscar Restrepo Sanchez', '103686', '3182217130', 1),
(46, 'Raul Rodrigo Rojas Gallego', '75158137', '3114163511', 1),
(47, 'Jader Danian Valencia Yepes', '93060820', '3204455133', 1),
(48, 'Yeiner Alexander Gil Sanchez', '1114787438', '3122589809', 1),
(49, 'Victor Manuel Vargas Martinez', '1006255803', '3138676441', 1),
(50, 'Maria Patricia Velasquez Martinez', '43446512', '6063212540', 1),
(51, 'Asociacion Campesina De Productores Agro Ecologico El Aguila Valle', '900126958', '3155175478', 1),
(53, 'Germain De Jesus Grajales Agudelo', '9695390', '3234665517', 1),
(54, 'Julian Quintero Gonzalez', '16208556', '3147400858', 1),
(55, 'Miguel Angel Perez Arango', '1010081454', '3137924596', 1),
(56, 'Martha Liliana Gallo Leon', '1013596969', '3144016216', 1),
(57, 'Gladis Yaneth Cano Agudelo', '29449344', '3127564047', 1),
(58, 'Gloria Esperanza Arias Duque', '24727278', '8836360', 1),
(59, 'La Plaza Campesina De Cartago SAS', '900942467', '2102090', 1),
(60, 'Yosef Inversiones SAS', '900809328', '3188799497', 1),
(61, 'Jeronimo Martins Colombia SAS', '900480569', '7965170', 1),
(62, 'Luis Ferney Ospina Alvarez', '18604992', '3136421619', 1),
(64, 'Agroguzar SAS', '901976788', '3153274785', 1),
(65, 'Yohn Janes Marin Loaiza', '94273353', '3146326965', 1),
(66, 'Blanca Deicy Castano Agudelo', '29185449', '6024019761', 1),
(67, 'Leany Andrea Vasquez Serna', '1114093456', '3196477072', 1),
(69, 'Frutales Quintero (La Maravilla)', '111111', '111111', 1),
(72, 'Agricol', '222222', '211113', 1),
(73, 'Frutales Quintero (Masuera)', '1234567', '1234567', 1),
(74, 'Frutales Quintero (Oscar Qumballa)', '12345678', '12345678', 1),
(75, 'Frutales Quintero (La Virginia)', '1234568', '1234568', 1),
(76, 'Frutales Quintero (La Aurora)', '1234569', '1234569', 1),
(77, 'Luis Bernardo Contreras', '123456709', '123456709', 1),
(78, 'Inversiones 11-11', '1235405', '234056', 1),
(79, 'Fabian Ballesteros', '12345698', '123456798', 1),
(80, 'Frutales Quintero', '09875432', '098676432', 1);

-- --------------------------------------------------------

--
-- Estructura de tabla para la tabla `proveedor_has_corte`
--

CREATE TABLE `proveedor_has_corte` (
  `id` int NOT NULL,
  `id_corte` int NOT NULL,
  `id_proveedor` int NOT NULL,
  `fecha_produccion` date NOT NULL,
  `lote_proveedor` varchar(255) CHARACTER SET utf8mb4 COLLATE utf8mb4_unicode_ci NOT NULL,
  `totalMateria` float NOT NULL,
  `rechazo` float NOT NULL,
  `rendimiento` float NOT NULL
) ENGINE=InnoDB DEFAULT CHARSET=utf8mb4 COLLATE=utf8mb4_unicode_ci;

--
-- Volcado de datos para la tabla `proveedor_has_corte`
--

INSERT INTO `proveedor_has_corte` (`id`, `id_corte`, `id_proveedor`, `fecha_produccion`, `lote_proveedor`, `totalMateria`, `rechazo`, `rendimiento`) VALUES
(22, 20, 7, '2025-11-18', 'OSC171125', 282, 4, 50.36),
(23, 20, 5, '2025-11-18', 'NIC181125', 1818, 4, 55.49),
(24, 21, 4, '2025-11-19', 'FRU181125', 876, 5, 53.55),
(25, 22, 8, '2025-11-21', 'DAN211125', 857, 1.5, 52.9),
(26, 22, 6, '2025-11-21', 'JUA211125', 102, 1.5, 56.67),
(41, 30, 8, '2025-11-22', 'DAN221125', 670, 2, 57.76),
(42, 30, 13, '2025-11-22', 'MAZ221125', 503, 2, 55.4),
(43, 30, 4, '2025-11-22', 'FRU221125', 118, 1, 57),
(44, 31, 7, '2025-11-25', 'OSC241125', 661, 5, 54.72),
(45, 31, 10, '2025-11-25', 'ORL251125', 990, 6, 48.34),
(46, 32, 4, '2025-11-26', 'FRU251125', 1062, 5, 46.89),
(47, 33, 11, '2025-11-27', 'MAR271125', 1304, 2, 52.22),
(48, 34, 4, '2025-11-28', 'FRU281125', 259, 1, 90.24),
(49, 34, 11, '2025-11-28', 'MAR271125', 53, 1, 53),
(50, 34, 8, '2025-11-28', 'DAN281125', 1182, 1, 49.25),
(51, 35, 7, '2025-11-29', 'OSC281125', 126, 1, 32.64),
(52, 35, 12, '2025-11-29', 'LEA291125', 735, 1, 55.68),
(53, 35, 8, '2025-11-29', 'DAN291125', 1104, 2, 53.67),
(54, 36, 5, '2025-11-24', 'NIC241125', 1588, 7, 55.99),
(66, 43, 5, '2026-02-17', 'NIC15226', 541, 5, 51.04),
(68, 43, 39, '2026-02-17', 'YEI17226', 238, 5, 36.06),
(69, 43, 4, '2026-02-17', 'FRU17226', 255, 5, 75),
(83, 54, 8, '2026-02-16', 'ASO14226', 666, 4, 52.86),
(84, 54, 12, '2026-02-16', 'CLA14226', 509, 4, 48.94),
(85, 54, 8, '2026-02-16', 'ASO16226', 319, 4, 53.17),
(86, 54, 5, '2026-02-16', 'NIC15226', 267, 4, 53.4),
(89, 55, 39, '2026-02-18', 'YEI18226', 400, 6, 57.14),
(90, 55, 40, '2026-02-18', 'JHO18226', 1301, 6, 54.34),
(91, 55, 58, '2026-02-18', 'GLO18226', 294, 0, 44.55),
(92, 55, 48, '2026-02-18', 'YEI18226', 143, 0, 55),
(93, 55, 72, '2026-02-18', 'AGR18226', 12, 0, 60),
(94, 43, 72, '2026-02-17', 'AGR17226', 39, 0, 45.88),
(95, 56, 48, '2026-02-19', 'YEI19226', 964, 9, 56.71),
(96, 56, 31, '2026-02-19', 'GER19226', 1551, 9, 53.85),
(97, 56, 72, '2026-02-19', 'AGR19226', 20, 0, 52.63),
(98, 57, 8, '2026-02-14', 'ASO13226', 112, 0, 56),
(99, 57, 12, '2026-02-14', 'CLA14226', 82, 0, 45.56),
(100, 57, 8, '2026-02-14', 'ASO14226', 165, 5, 51.56),
(101, 58, 45, '2026-02-20', 'RIC19226', 163, 5, 33.96),
(102, 58, 51, '2026-02-20', 'ASO19226', 367, 5, 40.78),
(103, 58, 8, '2026-02-20', 'ASO20226', 1069, 11, 50.21),
(104, 58, 72, '2026-02-20', 'AGR20226', 8, 0, 53.33),
(105, 54, 4, '2026-02-16', 'FRU16226', 159, 4, 55.21),
(106, 54, 72, '2026-02-16', 'AGR16226', 117, 0, 73.13),
(107, 43, 69, '2026-02-17', 'FRU17226', 1034, 0, 52.3),
(108, 59, 74, '2026-02-21', 'FRU20226', 139, 3, 31.59),
(109, 59, 73, '2026-02-21', 'FRU20226', 102, 2, 52.58),
(110, 59, 31, '2026-02-21', 'GER21226', 558, 6, 46.5),
(111, 59, 8, '2026-02-21', 'ASO21226', 1015, 8, 52.86),
(112, 60, 5, '2026-02-23', 'NIC22226', 1287, 10, 50.67),
(113, 60, 8, '2026-02-23', 'ASO23226', 593, 8, 58.31),
(114, 61, 77, '2026-02-25', 'LUI24226', 138, 2, 53.7),
(115, 61, 78, '2026-02-25', 'INV24226', 367, 3, 67.96),
(116, 61, 8, '2026-02-25', 'ASO25226', 626, 6, 50.48),
(117, 61, 46, '2026-02-25', 'RAU25226', 947, 7, 56.37),
(119, 62, 42, '2026-02-24', 'RIC23226', 124, 4, 57.67),
(120, 62, 60, '2026-02-24', 'YOS23226', 186, 4, 51.67),
(121, 62, 75, '2026-02-24', 'FRU23226', 692, 18, 53.23),
(122, 62, 76, '2026-02-24', 'FRU23226', 884, 24, 61.52),
(123, 62, 39, '2026-02-24', 'YEI24226', 212, 4, 59.89),
(124, 62, 78, '2026-02-24', 'INV24226', 127, 2, 31.75),
(125, 61, 65, '2026-02-25', 'YOH25226', 77, 0, 48.13),
(126, 63, 65, '2026-02-26', 'YOH25226', 355, 4, 53.79),
(127, 63, 57, '2026-02-26', 'GLA25226', 322, 4, 47.35),
(128, 63, 12, '2026-02-26', 'CLA26226', 299, 4, 41.53),
(129, 63, 31, '2026-02-26', 'GER26226', 1071, 9, 55.21),
(130, 64, 31, '2026-02-27', 'GER26226', 305, 4, 61.24),
(131, 64, 79, '2026-02-27', 'FAB26226', 356, 4, 53.94),
(132, 64, 39, '2026-02-27', 'YEI27226', 98, 2, 53.26),
(133, 64, 49, '2026-02-27', 'VIC26226', 757, 8, 55.66),
(134, 64, 8, '2026-02-27', 'ASO27226', 726, 8, 55),
(135, 65, 8, '2026-02-28', 'ASO27226', 425, 6, 53.13),
(136, 65, 31, '2026-02-28', 'GER28226', 272, 6, 51.22),
(137, 65, 74, '2026-02-28', 'FRU27226', 92, 2, 49.2),
(139, 65, 8, '2026-02-28', 'ASO28226', 1089, 10, 52.36),
(140, 60, 72, '2026-02-23', 'AGR23226', 30, 0, 50),
(141, 66, 5, '2026-03-02', 'NIC2326', 1545, 14, 52.75),
(142, 67, 27, '2026-03-03', 'DAN2326', 540, 11, 54),
(143, 67, 80, '2026-03-03', 'FRU2326', 480, 9, 50.31),
(144, 67, 12, '2026-03-03', 'CLA3326', 404, 9, 67.33);

-- --------------------------------------------------------

--
-- Estructura de tabla para la tabla `proveedor_has_empaque`
--

CREATE TABLE `proveedor_has_empaque` (
  `id` int NOT NULL,
  `id_empaque` int NOT NULL,
  `id_proveedor` int NOT NULL,
  `tipo` varchar(50) COLLATE utf8mb4_unicode_ci NOT NULL,
  `fecha_produccion` date NOT NULL,
  `lote_produccion` varchar(150) COLLATE utf8mb4_unicode_ci NOT NULL,
  `lote_proveedor` varchar(150) COLLATE utf8mb4_unicode_ci NOT NULL,
  `canastas` int NOT NULL,
  `cajas` int NOT NULL,
  `migas` float NOT NULL,
  `rechazo` float NOT NULL
) ENGINE=InnoDB DEFAULT CHARSET=utf8mb4 COLLATE=utf8mb4_unicode_ci;

--
-- Volcado de datos para la tabla `proveedor_has_empaque`
--

INSERT INTO `proveedor_has_empaque` (`id`, `id_empaque`, `id_proveedor`, `tipo`, `fecha_produccion`, `lote_produccion`, `lote_proveedor`, `canastas`, `cajas`, `migas`, `rechazo`) VALUES
(49, 26, 7, 'A', '2025-11-18', 'CA20251118', 'OSC171125CA', 16, 18, 0, 1),
(50, 26, 7, 'AF', '2025-11-18', 'CAF20251118', 'OSC171125CAF', 2, 2, 0, 0),
(51, 27, 4, 'A', '2025-11-19', 'CA20251119', 'FRU181125CA', 56, 77, 5, 10.3),
(52, 27, 4, 'AF', '2025-11-19', 'CAF20251119', 'FRU181125CAF', 12, 13, 0, 0),
(53, 28, 8, 'A', '2025-11-21', 'CA20251121', 'DAN211125CA', 65, 80, 5, 6.3),
(54, 28, 6, 'A', '2025-11-21', 'CA20251121', 'JUA211125CA', 8, 9, 0, 0),
(55, 28, 8, 'AF', '2025-11-21', 'CAF20251121', 'DAN211125CAF', 8, 14, 0, 0),
(56, 28, 6, 'AF', '2025-11-21', 'CAF20251121', 'JUA211125CAF', 2, 4, 0, 0),
(57, 29, 8, 'A', '2025-11-22', 'CA20251122', 'DAN221125CA', 38, 49, 0, 0),
(58, 29, 13, 'A', '2025-11-22', 'CA20251122', 'MAZ221125CA', 28, 30, 0, 0),
(59, 29, 4, 'A', '2025-11-22', 'CA20251122', 'FRU221125CA', 7, 12, 0, 0),
(60, 29, 8, 'AF', '2025-11-22', 'CAF20251122', 'DAN221125CAF', 14, 13, 0, 0),
(61, 29, 13, 'AF', '2025-11-22', 'CAF20251122', 'MAZ221125CAF', 3, 2, 0, 0),
(62, 29, 4, 'AF', '2025-11-22', 'CAF20251122', 'FRU221125CAF', 3, 1, 0, 0),
(63, 30, 5, 'A', '2025-11-24', 'CA20251124', 'NIC241125CA', 105, 118, 7, 9),
(64, 30, 5, 'AF', '2025-11-24', 'CAF20251124', 'NIC241125CAF', 24, 26, 0, 0),
(65, 30, 5, 'CIL', '2025-11-24', 'CCIL20251124', 'NIC241125CCIL', 7, 8, 0, 0),
(66, 31, 7, 'A', '2025-11-25', 'CA20251125', 'OSC241125CA', 37, 34, 0, 0),
(67, 31, 10, 'A', '2025-11-25', 'CA20251125', 'ORL251125CA', 60, 75, 0, 0),
(68, 31, 7, 'AF', '2025-11-25', 'CAF20251125', 'OSC241125CAF', 13, 9, 0, 0),
(69, 31, 10, 'AF', '2025-11-25', 'CAF20251125', 'ORL251125CAF', 14, 14, 0, 0),
(70, 31, 10, 'CIL', '2025-11-25', 'CCIL20251125', 'ORL251125CCIL', 3, 4, 0, 0),
(71, 32, 4, 'CIL', '2025-11-26', 'CCIL20251126', 'FRU251125CCIL', 9, 8, 0, 0),
(72, 32, 4, 'A', '2025-11-26', 'CA20251126', 'FRU251125CA', 78, 89, 5.9, 7.2),
(73, 32, 4, 'AF', '2025-11-26', 'CAF20251126', 'FRU251125CAF', 13, 13, 0, 0),
(74, 33, 11, 'A', '2025-11-27', 'CA20251127', 'MAR271125CA', 101, 106, 11.5, 31.3),
(75, 33, 11, 'AF', '2025-11-27', 'CAF20251127', 'MAR271125CAF', 9, 10, 0, 0),
(76, 33, 11, 'CIL', '2025-11-27', 'CCIL20251127', 'MAR271125CCIL', 3, 4, 0, 0),
(77, 34, 11, 'A', '2025-11-28', 'CA20251128', 'MAR271125CA', 5, 7, 0, 0),
(78, 34, 4, 'A', '2025-11-28', 'CA20251128', 'FRU281125CA', 21, 25, 0, 0),
(79, 34, 8, 'A', '2025-11-28', 'CA20251128', 'DAN281125CA', 76, 86, 12.6, 13.6),
(80, 34, 4, 'AF', '2025-11-28', 'CAF20251128', 'FRU281125CAF', 2, 2, 0, 0),
(81, 34, 8, 'AF', '2025-11-28', 'CAF20251128', 'DAN281125CAF', 19, 20, 0, 0),
(82, 34, 8, 'CIL', '2025-11-28', 'CCIL20251128', 'DAN281125CCIL', 4, 4, 0, 0),
(83, 35, 7, 'A', '2025-11-29', 'CA20251129', 'OSC281125CA', 4, 4, 0, 0),
(84, 35, 12, 'A', '2025-11-29', 'CA20251129', 'LEA291125CA', 42, 35, 0, 0),
(85, 35, 8, 'A', '2025-11-29', 'CA20251129', 'DAN291125CA', 66, 77, 0, 0),
(86, 35, 7, 'AF', '2025-11-29', 'CAF20251129', 'OSC281125CAF', 2, 2, 0, 0),
(87, 35, 12, 'AF', '2025-11-29', 'CAF20251129', 'LEA291125CAF', 8, 9, 0, 0),
(88, 35, 8, 'AF', '2025-11-29', 'CAF20251129', 'DAN291125CAF', 5, 5, 0, 0),
(89, 35, 12, 'CIL', '2025-11-29', 'CCIL20251129', 'LEA291125CCIL', 7, 7, 0, 0),
(90, 35, 8, 'CIL', '2025-11-29', 'CCIL20251129', 'DAN291125CCIL', 20, 20, 0, 0),
(93, 38, 8, 'A', '2026-02-14', 'CA20260214', 'ASO14226CA', 17, 20, 0, 0),
(94, 38, 12, 'AF', '2026-02-14', 'CAF20260214', 'CLA14226CAF', 2, 1, 0, 0),
(95, 38, 12, 'A', '2026-02-14', 'CA20260214', 'CLA14226CA', 6, 9, 5, 18),
(96, 38, 12, 'A', '2026-02-14', 'CA20260214', 'CLA14226CA', 4, 6, 8, 13),
(97, 38, 8, 'A', '2026-02-14', 'CA20260214', 'ASO13226CA', 4, 5, 0, 0),
(98, 38, 8, 'AF', '2026-02-14', 'CAF20260214', 'ASO14226CAF', 4, 3, 0, 0),
(99, 39, 8, 'A', '2026-02-16', 'CA20260216', 'ASO14226CA', 35, 40, 0, 0),
(100, 39, 8, 'AF', '2026-02-16', 'CAF20260216', 'ASO14226CAF', 8, 11, 0, 0),
(101, 39, 5, 'AF', '2026-02-16', 'CAF20260216', 'NIC15226CAF', 6, 7, 3, 8),
(102, 39, 12, 'AF', '2026-02-16', 'CAF20260216', 'CLA14226CAF', 6, 7, 0, 0),
(110, 41, 8, 'A', '2026-02-20', 'CA20260220', 'ASO20226CA', 73, 85, 9, 18.9),
(111, 41, 51, 'AF', '2026-02-20', 'CAF20260220', 'ASO19226CAF', 9, 11, 0, 0),
(112, 41, 45, 'A', '2026-02-20', 'CA20260220', 'RIC19226CA', 17, 15, 0, 0),
(113, 41, 51, 'A', '2026-02-20', 'CA20260220', 'ASO19226CA', 24, 25, 0, 0),
(114, 41, 45, 'AF', '2026-02-20', 'CAF20260220', 'RIC19226CAF', 3, 3, 0, 0),
(115, 41, 51, 'AF', '2026-02-20', 'CAF20260220', 'ASO19226CAF', 3, 3, 0, 0),
(116, 42, 5, 'A', '2026-02-16', 'CA20260216', 'NIC15226CA', 18, 20, 6, 11),
(117, 42, 12, 'A', '2026-02-16', 'CA20260216', 'CLA14226CA', 25, 27, 0, 0),
(118, 42, 4, 'A', '2026-02-16', 'CA20260216', 'FRU16226CA', 13, 15, 0, 0),
(119, 42, 8, 'A', '2026-02-16', 'CA20260216', 'ASO16226CA', 26, 35, 0, 0),
(120, 42, 8, 'AF', '2026-02-16', 'CAF20260216', 'ASO16226CAF', 5, 6, 0, 0),
(121, 42, 4, 'AF', '2026-02-16', 'CAF20260216', 'FRU16226CAF', 3, 3, 0, 0),
(122, 42, 5, 'A', '2026-02-17', 'CA20260217', 'NIC15226CA', 22, 29, 7, 12),
(123, 42, 69, 'A', '2026-02-17', 'CA20260217', 'FRU17226CA', 8, 10, 0, 0),
(124, 42, 5, 'AF', '2026-02-17', 'CAF20260217', 'NIC15226CAF', 4, 3, 0, 0),
(125, 42, 69, 'AF', '2026-02-17', 'CAF20260217', 'FRU17226CAF', 1, 1, 0, 0),
(126, 42, 39, 'A', '2026-02-18', 'CA20260218', 'YEI18226CA', 13, 16, 0, 0),
(127, 42, 39, 'AF', '2026-02-18', 'CAF20260218', 'YEI18226CAF', 2, 3, 0, 0),
(128, 42, 58, 'AF', '2026-02-18', 'CAF20260218', 'GLO18226CAF', 6, 7, 0, 0),
(129, 42, 39, 'A', '2026-02-18', 'CA20260218', 'YEI18226CA', 5, 7, 0, 0),
(130, 42, 40, 'A', '2026-02-18', 'CA20260218', 'JHO18226CA', 12, 15, 0, 0),
(131, 43, 69, 'A', '2026-02-17', 'CA20260217', 'FRU17226CA', 65, 68, 0, 0),
(132, 43, 5, 'A', '2026-02-17', 'CA20260217', 'NIC15226CA', 11, 13, 0, 0),
(133, 43, 39, 'A', '2026-02-17', 'CA20260217', 'YEI17226CA', 25, 33, 0, 0),
(134, 43, 69, 'AF', '2026-02-17', 'CAF20260217', 'FRU17226CAF', 8, 7, 0, 0),
(135, 43, 39, 'AF', '2026-02-17', 'CAF20260217', 'YEI17226CAF', 4, 7, 0, 0),
(136, 43, 39, 'A', '2026-02-18', 'CA20260218', 'YEI18226CA', 34, 38, 0, 0),
(137, 43, 40, 'A', '2026-02-18', 'CA20260218', 'JHO18226CA', 84, 87, 0, 0),
(138, 43, 40, 'AF', '2026-02-18', 'CAF20260218', 'JHO18226CAF', 6, 10, 0, 0),
(139, 43, 39, 'AF', '2026-02-18', 'CAF20260218', 'YEI18226CAF', 1, 1, 0, 0),
(140, 43, 69, 'A', '2026-02-17', 'CA20260217', 'FRU17226CA', 20, 23, 0, 0),
(141, 43, 58, 'A', '2026-02-18', 'CA20260218', 'GLO18226CA', 1, 1, 0, 0),
(142, 44, 31, 'A', '2026-02-19', 'CA20260219', 'GER19226CA', 123, 140, 12, 20.7),
(143, 44, 48, 'A', '2026-02-19', 'CA20260219', 'YEI19226CA', 70, 83, 0, 0),
(144, 44, 31, 'AF', '2026-02-19', 'CAF20260219', 'GER19226CAF', 15, 17, 0, 0),
(145, 44, 48, 'AF', '2026-02-19', 'CAF20260219', 'YEI19226CAF', 8, 10, 0, 0),
(146, 45, 8, 'A', '2026-02-21', 'CA20260221', 'ASO21226CA', 72, 121, 0, 0),
(147, 45, 31, 'A', '2026-02-21', 'CA20260221', 'GER21226CA', 6, 10, 0, 0),
(148, 45, 74, 'A', '2026-02-21', 'CA20260221', 'FRU20226CA', 6, 10, 0, 0),
(149, 45, 74, 'AF', '2026-02-21', 'CAF20260221', 'FRU20226CAF', 2, 3, 0, 0),
(150, 45, 31, 'AF', '2026-02-21', 'CAF20260221', 'GER21226CAF', 1, 2, 4, 15.8),
(151, 45, 8, 'AF', '2026-02-21', 'CAF20260221', 'ASO21226CAF', 10, 12, 0, 0),
(152, 45, 5, 'A', '2026-02-23', 'CA20260223', 'NIC22226CA', 86, 90, 0, 0),
(153, 45, 8, 'A', '2026-02-23', 'CA20260223', 'ASO23226CA', 39, 40, 0, 0),
(154, 45, 5, 'AF', '2026-02-23', 'CAF20260223', 'NIC22226CAF', 15, 16, 0, 0),
(155, 45, 8, 'AF', '2026-02-23', 'CAF20260223', 'ASO23226CAF', 2, 1, 0, 0),
(156, 45, 8, 'AF', '2026-02-21', 'CAF20260221', 'ASO21226CAF', 5, 4, 0, 0),
(157, 46, 75, 'A', '2026-02-24', 'CA20260224', 'FRU23226CA', 160, 176, 0, 0),
(158, 46, 75, 'AF', '2026-02-24', 'CAF20260224', 'FRU23226CAF', 2, 2, 0, 0),
(159, 47, 46, 'A', '2026-02-25', 'CA20260225', 'RAU25226CA', 86, 96, 0, 0),
(160, 47, 39, 'A', '2026-02-24', 'CA20260224', 'YEI24226CA', 16, 16, 0, 0),
(161, 48, 8, 'A', '2026-02-25', 'CA20260225', 'ASO25226CA', 68, 72, 0, 0),
(162, 48, 31, 'A', '2026-02-23', 'CA20260226', 'GER26226CA', 94, 110, 0, 0),
(163, 48, 31, 'A', '2026-02-26', 'CA20260226', 'GER26226CA', 73, 80, 0, 0),
(164, 48, 8, 'A', '2026-02-27', 'CA20260227', 'ASO27226CA', 162, 181, 0, 0),
(165, 48, 8, 'AF', '2026-02-27', 'CAF20260227', 'ASO27226CAF', 3, 3, 0, 0),
(166, 48, 8, 'A', '2026-02-28', 'CA20260228', 'ASO28226CA', 96, 106, 0, 0),
(167, 49, 5, 'A', '2026-03-02', 'CA20260302', 'NIC2326CA', 111, 127, 0, 0),
(168, 49, 8, 'A', '2026-02-28', 'CA20260228', 'ASO27226CA', 27, 29, 0, 0),
(169, 49, 27, 'A', '2026-03-03', 'CA20260303', 'DAN2326CA', 8, 8, 0, 0),
(170, 49, 80, 'A', '2026-03-03', 'CA20260303', 'FRU2326CA', 11, 11, 0, 0);

-- --------------------------------------------------------

--
-- Estructura de tabla para la tabla `referencias_platano`
--

CREATE TABLE `referencias_platano` (
  `id` int NOT NULL,
  `nombre` varchar(50) COLLATE utf8mb4_unicode_ci NOT NULL,
  `descripcion` varchar(100) COLLATE utf8mb4_unicode_ci DEFAULT NULL,
  `estado` tinyint NOT NULL DEFAULT '1'
) ENGINE=InnoDB DEFAULT CHARSET=utf8mb4 COLLATE=utf8mb4_unicode_ci;

--
-- Volcado de datos para la tabla `referencias_platano`
--

INSERT INTO `referencias_platano` (`id`, `nombre`, `descripcion`, `estado`) VALUES
(1, 'A', 'Referencia de Patacon tipo A', 1),
(2, 'B', 'Referencia de Platano tipo B', 1),
(3, 'C', 'Referencia de Platano tipo C', 1),
(4, 'AF', 'Referencia de Platano tipo A Fusionado', 1),
(5, 'BH', 'Referencia de Platano tipo B Horizontal', 1),
(6, 'XL', 'Referencia de Platano tipo XL', 1),
(7, 'CIL', 'Referencia de Platano tipo CILindro', 1),
(8, 'P', 'Referencia de Platano tipo Pinton', 1);

-- --------------------------------------------------------

--
-- Estructura de tabla para la tabla `registro_alistamiento`
--

CREATE TABLE `registro_alistamiento` (
  `id` int NOT NULL,
  `fecha` date NOT NULL,
  `maduro` float NOT NULL,
  `rechazo` float NOT NULL,
  `recipientes_desinf` int NOT NULL,
  `total` float NOT NULL,
  `orden` int DEFAULT NULL,
  `id_responsable` char(36) CHARACTER SET utf8mb4 COLLATE utf8mb4_bin NOT NULL,
  `observaciones` text COLLATE utf8mb4_unicode_ci,
  `estado` tinyint NOT NULL DEFAULT '0'
) ENGINE=InnoDB DEFAULT CHARSET=utf8mb4 COLLATE=utf8mb4_unicode_ci;

--
-- Volcado de datos para la tabla `registro_alistamiento`
--

INSERT INTO `registro_alistamiento` (`id`, `fecha`, `maduro`, `rechazo`, `recipientes_desinf`, `total`, `orden`, `id_responsable`, `observaciones`, `estado`) VALUES
(24, '2025-11-18', 61.6, 91.5, 2, 192, 25, 'e65dec75-c1c4-4f76-bfbb-28b950902105', 'No hay Observaciones', 0),
(25, '2025-11-19', 13.1, 38.9, 2, 82, 25, 'e65dec75-c1c4-4f76-bfbb-28b950902105', 'No hay Observaciones', 0),
(26, '2025-11-21', 2.6, 8, 2, 90, 25, 'e65dec75-c1c4-4f76-bfbb-28b950902105', 'No hay Observaciones', 0),
(27, '2025-11-22', 38, 51.5, 2, 114, 25, 'e65dec75-c1c4-4f76-bfbb-28b950902105', 'No hay Observaciones', 0),
(28, '2025-11-25', 23.6, 20.5, 2, 163, 25, 'e65dec75-c1c4-4f76-bfbb-28b950902105', 'No hay Observaciones', 0),
(29, '2025-11-26', 2.7, 5.5, 2, 113, 25, 'e65dec75-c1c4-4f76-bfbb-28b950902105', 'No hay Observaciones', 0),
(30, '2025-11-27', 7.7, 35.4, 2, 119, 25, 'e65dec75-c1c4-4f76-bfbb-28b950902105', 'No hay Observaciones', 0),
(31, '2025-11-28', 2.9, 24.3, 2, 139, 25, 'e65dec75-c1c4-4f76-bfbb-28b950902105', 'No hay Observaciones', 0),
(32, '2025-11-29', 8.3, 81, 2, 187, 25, 'e65dec75-c1c4-4f76-bfbb-28b950902105', 'No hay Observaciones', 0),
(34, '2025-11-24', 68.3, 66.5, 2, 141, 25, 'e65dec75-c1c4-4f76-bfbb-28b950902105', 'No hay Observaciones', 0),
(36, '2026-02-14', 0, 43.2, 2, 35, 32, 'e65dec75-c1c4-4f76-bfbb-28b950902105', 'No hay Observaciones', 0),
(37, '2026-02-16', 0, 184.9, 2, 192, 32, 'e65dec75-c1c4-4f76-bfbb-28b950902105', 'No hay Observaciones', 0),
(38, '2026-02-18', 0, 202.3, 2, 201, 32, 'e65dec75-c1c4-4f76-bfbb-28b950902105', 'No hay Observaciones', 0),
(39, '2026-02-19', 0, 77, 2, 230, 32, 'e65dec75-c1c4-4f76-bfbb-28b950902105', 'No hay Observaciones', 0),
(40, '2026-02-17', 0, 250.1, 2, 206, 32, 'e65dec75-c1c4-4f76-bfbb-28b950902105', 'No hay Observaciones', 0),
(41, '2026-02-20', 0, 249.6, 2, 176, 32, 'e65dec75-c1c4-4f76-bfbb-28b950902105', 'No hay Observaciones', 0),
(42, '2026-02-21', 0, 208.9, 2, 187, 32, 'e65dec75-c1c4-4f76-bfbb-28b950902105', 'No hay Observaciones', 0),
(44, '2026-02-23', 0, 148.9, 2, 177, 32, 'e65dec75-c1c4-4f76-bfbb-28b950902105', '2 de maduro', 0),
(45, '2026-02-24', 0, 35.7, 2, 201, 32, 'e65dec75-c1c4-4f76-bfbb-28b950902105', 'No hay Observaciones', 0),
(61, '2026-02-25', 0, 12.5, 2, 193, 32, 'e65dec75-c1c4-4f76-bfbb-28b950902105', 'No hay Observaciones', 0),
(62, '2026-02-26', 3.9, 94.8, 2, 200, 32, 'e65dec75-c1c4-4f76-bfbb-28b950902105', 'No hay Observaciones', 0),
(63, '2026-02-27', 7.7, 108.9, 2, 200, 32, 'e65dec75-c1c4-4f76-bfbb-28b950902105', 'No hay Observaciones', 0),
(64, '2026-02-28', 0, 181.7, 2, 179, 32, 'e65dec75-c1c4-4f76-bfbb-28b950902105', 'No hay Observaciones', 0),
(65, '2026-03-02', 0.4, 93, 2, 146, 32, 'e65dec75-c1c4-4f76-bfbb-28b950902105', 'No hay Observaciones', 0),
(66, '2026-03-03', 4.3, 14.6, 2, 127, 32, 'e65dec75-c1c4-4f76-bfbb-28b950902105', 'No hay Observaciones', 0);

-- --------------------------------------------------------

--
-- Estructura de tabla para la tabla `registro_area_corte`
--

CREATE TABLE `registro_area_corte` (
  `id` int NOT NULL,
  `fecha` date NOT NULL,
  `inicio_corte` time DEFAULT NULL,
  `fin_corte` time DEFAULT NULL,
  `observaciones` text COLLATE utf8mb4_unicode_ci,
  `id_responsable` char(36) CHARACTER SET utf8mb4 COLLATE utf8mb4_bin NOT NULL,
  `rechazo_corte` float NOT NULL,
  `rendimiento_materia` float NOT NULL,
  `total_materia` float NOT NULL,
  `orden` int DEFAULT NULL,
  `estado` tinyint NOT NULL DEFAULT '1'
) ENGINE=InnoDB DEFAULT CHARSET=utf8mb4 COLLATE=utf8mb4_unicode_ci;

--
-- Volcado de datos para la tabla `registro_area_corte`
--

INSERT INTO `registro_area_corte` (`id`, `fecha`, `inicio_corte`, `fin_corte`, `observaciones`, `id_responsable`, `rechazo_corte`, `rendimiento_materia`, `total_materia`, `orden`, `estado`) VALUES
(20, '2025-11-18', '07:05:00', '14:45:00', '2 kilos de platano blanco', 'acd1e75e-6d7a-4b19-bd9a-153cedf293f4', 8, 54.74, 2100, 25, 1),
(21, '2025-11-19', '07:09:00', '11:54:00', 'No hay Observaciones', 'acd1e75e-6d7a-4b19-bd9a-153cedf293f4', 5, 53.55, 876, 25, 1),
(22, '2025-11-21', '11:13:00', '14:37:00', 'No hay Observaciones', 'acd1e75e-6d7a-4b19-bd9a-153cedf293f4', 3, 53.28, 959, 25, 1),
(30, '2025-11-22', '07:01:00', '11:10:00', '2 kl de punta de Mazuera.\n2 kl de punta de Daniel.\n1 kl de punta de Frutales.', 'acd1e75e-6d7a-4b19-bd9a-153cedf293f4', 5, 56.75, 1291, 25, 1),
(31, '2025-11-25', '06:52:00', '13:34:00', 'No hay Observaciones', 'acd1e75e-6d7a-4b19-bd9a-153cedf293f4', 11, 50.71, 1651, 25, 1),
(32, '2025-11-26', '07:07:00', '12:10:00', 'No hay Observaciones', 'acd1e75e-6d7a-4b19-bd9a-153cedf293f4', 5, 46.89, 1062, 25, 1),
(33, '2025-11-27', '06:52:00', '15:35:00', 'No hay Observaciones', 'acd1e75e-6d7a-4b19-bd9a-153cedf293f4', 2, 52.22, 1304, 25, 1),
(34, '2025-11-28', '07:01:00', '12:34:00', 'No hay Observaciones', 'acd1e75e-6d7a-4b19-bd9a-153cedf293f4', 3, 53.61, 1494, 25, 1),
(35, '2025-11-29', '06:45:00', '16:37:00', 'No hay Observaciones', 'acd1e75e-6d7a-4b19-bd9a-153cedf293f4', 4, 52.22, 1965, 25, 1),
(36, '2025-11-24', '07:00:00', '11:56:00', 'No hay Observaciones', 'acd1e75e-6d7a-4b19-bd9a-153cedf293f4', 7, 55.99, 1588, 25, 1),
(43, '2026-02-17', '07:00:00', '13:50:00', 'No hay Observaciones', 'acd1e75e-6d7a-4b19-bd9a-153cedf293f4', 15, 51.12, 2107, 32, 1),
(54, '2026-02-16', '07:03:00', '02:40:00', '40 kl de maduro', 'acd1e75e-6d7a-4b19-bd9a-153cedf293f4', 20, 52.94, 2037, 32, 1),
(55, '2026-02-18', '07:05:00', '15:01:00', 'No hay Observaciones', 'acd1e75e-6d7a-4b19-bd9a-153cedf293f4', 12, 53.3, 2150, 32, 1),
(56, '2026-02-19', '06:52:00', '14:54:00', 'No hay Observaciones', 'acd1e75e-6d7a-4b19-bd9a-153cedf293f4', 18, 54.89, 2535, 32, 1),
(57, '2026-02-14', '13:10:00', '14:20:00', 'No hay Observaciones', 'acd1e75e-6d7a-4b19-bd9a-153cedf293f4', 5, 51.29, 359, 32, 1),
(58, '2026-02-20', '06:56:00', '14:54:00', 'No hay Observaciones', 'acd1e75e-6d7a-4b19-bd9a-153cedf293f4', 21, 45.6, 1607, 32, 1),
(59, '2026-02-21', '06:54:00', '13:33:00', 'No hay Observaciones', 'acd1e75e-6d7a-4b19-bd9a-153cedf293f4', 19, 48.32, 1814, 32, 1),
(60, '2026-02-23', '07:00:00', '15:20:00', 'No hay Observaciones', 'acd1e75e-6d7a-4b19-bd9a-153cedf293f4', 18, 52.81, 1910, 32, 1),
(61, '2026-02-25', '07:05:00', '15:04:00', 'No hay Observaciones', 'a17cc72b-e091-4c2a-b505-1ea35ffa89f6', 18, 55.58, 2155, 32, 1),
(62, '2026-02-24', '07:00:00', '15:52:00', 'No hay Observaciones', 'a17cc72b-e091-4c2a-b505-1ea35ffa89f6', 56, 54.72, 2225, 32, 1),
(63, '2026-02-26', '07:03:00', '15:16:00', 'No hay Observaciones', 'acd1e75e-6d7a-4b19-bd9a-153cedf293f4', 21, 51.18, 2047, 32, 1),
(64, '2026-02-27', '07:10:00', '14:42:00', 'No hay Observaciones', 'acd1e75e-6d7a-4b19-bd9a-153cedf293f4', 26, 55.74, 2242, 32, 1),
(65, '2026-02-28', '07:12:00', '15:51:00', 'No hay Observaciones', 'acd1e75e-6d7a-4b19-bd9a-153cedf293f4', 24, 52.2, 1878, 32, 1),
(66, '2026-03-02', '07:00:00', '15:51:00', 'No hay Observaciones', 'acd1e75e-6d7a-4b19-bd9a-153cedf293f4', 14, 52.75, 1545, 32, 1),
(67, '2026-03-03', '06:52:00', '15:48:00', 'No hay Observaciones', 'acd1e75e-6d7a-4b19-bd9a-153cedf293f4', 29, 55.76, 1424, 32, 1);

-- --------------------------------------------------------

--
-- Estructura de tabla para la tabla `registro_area_empaque`
--

CREATE TABLE `registro_area_empaque` (
  `id` int NOT NULL,
  `fecha_empaque` date NOT NULL,
  `lote_empaque` varchar(100) COLLATE utf8mb4_unicode_ci NOT NULL,
  `numero_canastas` int NOT NULL,
  `rechazo_empaque` float NOT NULL,
  `migas_empaque` float NOT NULL,
  `total_cajas` int NOT NULL,
  `promedio_peso` float NOT NULL,
  `peso_kg` float NOT NULL,
  `id_responsable` char(36) CHARACTER SET utf8mb4 COLLATE utf8mb4_bin NOT NULL,
  `observaciones` text COLLATE utf8mb4_unicode_ci,
  `orden` int DEFAULT NULL
) ENGINE=InnoDB DEFAULT CHARSET=utf8mb4 COLLATE=utf8mb4_unicode_ci;

--
-- Volcado de datos para la tabla `registro_area_empaque`
--

INSERT INTO `registro_area_empaque` (`id`, `fecha_empaque`, `lote_empaque`, `numero_canastas`, `rechazo_empaque`, `migas_empaque`, `total_cajas`, `promedio_peso`, `peso_kg`, `id_responsable`, `observaciones`, `orden`) VALUES
(26, '2025-11-24', 'LE241225', 18, 1, 0, 20, 8.25, 165, '23c249ab-637e-4af7-a6c6-7180432d4908', 'No hay observaciones.', 25),
(27, '2025-11-24', 'LE241125', 68, 10.3, 5, 90, 8.25, 742.5, '23c249ab-637e-4af7-a6c6-7180432d4908', 'No hay observaciones.', 25),
(28, '2025-11-26', 'LE261125', 83, 6.3, 5, 107, 8.25, 882.75, '23c249ab-637e-4af7-a6c6-7180432d4908', 'No hay observaciones.', 25),
(29, '2025-11-27', 'LE271125', 93, 0, 0, 107, 8.25, 882.75, '23c249ab-637e-4af7-a6c6-7180432d4908', 'No hay observaciones.', 25),
(30, '2025-12-01', 'LE11225', 136, 9, 7, 152, 8.25, 1254, '23c249ab-637e-4af7-a6c6-7180432d4908', 'No hay observaciones.', 25),
(31, '2025-12-01', 'LE11225', 127, 0, 0, 136, 8.25, 1122, '23c249ab-637e-4af7-a6c6-7180432d4908', 'No hay observaciones.', 25),
(32, '2025-12-03', 'LE31225', 100, 7.2, 5.9, 110, 8.25, 907.5, '23c249ab-637e-4af7-a6c6-7180432d4908', 'No hay observaciones.', 25),
(33, '2025-12-04', 'LE41225', 113, 31.3, 11.5, 120, 8.25, 990, '23c249ab-637e-4af7-a6c6-7180432d4908', 'No hay observaciones.', 25),
(34, '2025-12-05', 'LE51225', 127, 13.6, 12.6, 144, 8.25, 1188, '23c249ab-637e-4af7-a6c6-7180432d4908', 'No hay observaciones.', 25),
(35, '2025-12-05', 'LE51225', 154, 0, 0, 159, 8.25, 1311.75, '23c249ab-637e-4af7-a6c6-7180432d4908', 'No hay observaciones.', 25),
(38, '2026-02-18', 'LE180226', 37, 31, 13, 44, 8.25, 363, '23c249ab-637e-4af7-a6c6-7180432d4908', 'No hay observaciones.', 32),
(39, '2026-02-20', 'LE200226', 55, 8, 3, 65, 8.25, 536.25, '23c249ab-637e-4af7-a6c6-7180432d4908', 'No hay observaciones.', 32),
(41, '2026-02-26', 'LE260226', 129, 18.9, 9, 142, 8.25, 1171.5, '23c249ab-637e-4af7-a6c6-7180432d4908', 'No hay observaciones.', 32),
(42, '2026-02-21', 'LE210226', 163, 23, 13, 197, 8.25, 1625.25, '23c249ab-637e-4af7-a6c6-7180432d4908', 'No hay observaciones.', 32),
(43, '2026-02-23', 'LE230226', 259, 0, 0, 288, 8.25, 2376, '23c249ab-637e-4af7-a6c6-7180432d4908', 'No hay observaciones.', 32),
(44, '2026-02-24', 'LE240226', 216, 20.7, 12, 250, 8.25, 2062.5, '23c249ab-637e-4af7-a6c6-7180432d4908', 'No hay observaciones.', 32),
(45, '2026-02-27', 'LE270226', 244, 15.8, 4, 309, 8.25, 2549.25, '23c249ab-637e-4af7-a6c6-7180432d4908', 'No hay observaciones.', 32),
(46, '2026-02-28', 'LE280226', 162, 0, 0, 178, 8.25, 1468.5, '23c249ab-637e-4af7-a6c6-7180432d4908', 'No hay observaciones.', 32),
(47, '2026-03-02', 'LE020326', 102, 0, 0, 112, 8.25, 924, '23c249ab-637e-4af7-a6c6-7180432d4908', 'No hay observaciones.', 32),
(48, '2026-03-03', 'LE030326', 496, 0, 0, 552, 8.25, 4554, '23c249ab-637e-4af7-a6c6-7180432d4908', 'No hay observaciones.', 32),
(49, '2026-03-04', 'LE040326', 157, 0, 0, 175, 8.25, 1443.75, '23c249ab-637e-4af7-a6c6-7180432d4908', 'No hay observaciones.', 32);

-- --------------------------------------------------------

--
-- Estructura de tabla para la tabla `registro_area_fritura`
--

CREATE TABLE `registro_area_fritura` (
  `id` int NOT NULL,
  `fecha` date NOT NULL,
  `producto` varchar(100) COLLATE utf8mb4_unicode_ci NOT NULL,
  `aforo_aceite` float NOT NULL,
  `lote_aceite` varchar(100) COLLATE utf8mb4_unicode_ci NOT NULL,
  `inventario_aceite` float NOT NULL,
  `gas_inicio` float NOT NULL,
  `gas_final` float NOT NULL,
  `inicio_fritura` time NOT NULL,
  `fin_fritura` time NOT NULL,
  `migas_fritura` float NOT NULL,
  `rechazo_fritura` float NOT NULL,
  `bajadas_fritura` float DEFAULT NULL,
  `materia_fritura` float NOT NULL,
  `canastillas` int NOT NULL,
  `orden` int DEFAULT NULL,
  `id_responsable` char(36) CHARACTER SET utf8mb4 COLLATE utf8mb4_bin NOT NULL,
  `observaciones` text COLLATE utf8mb4_unicode_ci,
  `estado` tinyint NOT NULL DEFAULT '1'
) ENGINE=InnoDB DEFAULT CHARSET=utf8mb4 COLLATE=utf8mb4_unicode_ci;

--
-- Volcado de datos para la tabla `registro_area_fritura`
--

INSERT INTO `registro_area_fritura` (`id`, `fecha`, `producto`, `aforo_aceite`, `lote_aceite`, `inventario_aceite`, `gas_inicio`, `gas_final`, `inicio_fritura`, `fin_fritura`, `migas_fritura`, `rechazo_fritura`, `bajadas_fritura`, `materia_fritura`, `canastillas`, `orden`, `id_responsable`, `observaciones`, `estado`) VALUES
(23, '2025-11-18', 'Comino', 40, '260-ff-ls', 10, 86, 80, '08:40:00', '18:00:00', 3, 91, 31, 1675.7, 180, 25, '0b1eb16a-bd9e-4ef4-831e-483cb3bb3fb1', 'No hay Observaciones', 1),
(24, '2025-11-19', 'Comino', 20, '260-ff-ls', 9, 80, 79, '07:30:00', '12:20:00', 3, 34, 14, 649.2, 68, 25, '0b1eb16a-bd9e-4ef4-831e-483cb3bb3fb1', 'No hay Observaciones', 1),
(25, '2025-11-21', 'Comino', 20, '260-ff-ls', 8, 91, 90, '11:35:00', '15:41:00', 2, 38, 0, 810.1, 83, 25, '0b1eb16a-bd9e-4ef4-831e-483cb3bb3fb1', 'No hay Observaciones', 1),
(26, '2025-11-22', 'Comino', 40, '260-ff-ls', 6, 90, 88, '07:13:00', '12:40:00', 3, 111, 18, 929.5, 93, 25, '0b1eb16a-bd9e-4ef4-831e-483cb3bb3fb1', 'No hay Observaciones', 1),
(27, '2025-11-24', 'Comino', 40, '260-ff-ls', 4, 88, 81, '07:13:00', '14:20:00', 3, 44, 21, 1333.1, 136, 25, '0b1eb16a-bd9e-4ef4-831e-483cb3bb3fb1', 'No hay Observaciones', 1),
(28, '2025-11-25', 'Comino', 40, '260-ff-ls', 2, 81, 79, '07:03:00', '11:15:00', 4, 253, 25, 1190.8, 127, 25, '0b1eb16a-bd9e-4ef4-831e-483cb3bb3fb1', 'No hay Observaciones', 1),
(29, '2025-11-26', 'Comino', 40, '260-ff-ls', 29, 79, 76, '07:26:00', '14:30:00', 2, 91, 18, 952.3, 100, 25, '0b1eb16a-bd9e-4ef4-831e-483cb3bb3fb1', 'No hay Observaciones', 1),
(30, '2025-11-27', 'Comino', 40, '260-ff-ls', 27, 76, 74, '07:12:00', '11:27:00', 2, 35, 19, 1087.5, 113, 25, '0b1eb16a-bd9e-4ef4-831e-483cb3bb3fb1', 'No hay Observaciones', 1),
(31, '2025-11-28', 'Comino', 20, '260-ff-ls', 20, 90, 89, '07:06:00', '14:36:00', 3, 63, 22, 1256.6, 127, 25, '0b1eb16a-bd9e-4ef4-831e-483cb3bb3fb1', 'No hay Observaciones', 1),
(32, '2025-11-29', 'Comino', 40, '260-ff-ls', 24, 89, 85, '07:22:00', '19:00:00', 4, 150, 29, 1571.7, 154, 25, '0b1eb16a-bd9e-4ef4-831e-483cb3bb3fb1', 'No hay Observaciones', 1),
(34, '2026-02-19', 'Comino', 60, '260-ff-ls', 17, 76, 71, '08:13:00', '17:00:00', 4, 83, 33, 2280.5, 219, 32, '0b1eb16a-bd9e-4ef4-831e-483cb3bb3fb1', 'No hay Observaciones', 1),
(35, '2026-02-14', 'Comino', 20, '343-ff-ls', 27, 90, 89, '13:32:00', '17:10:00', 3, 32, 7, 342.7, 37, 32, '0b1eb16a-bd9e-4ef4-831e-483cb3bb3fb1', 'No hay Observaciones', 1),
(36, '2026-02-16', 'Comino', 50, '343-ff-ls', 25, 89, 85, '08:20:00', '16:40:00', 4, 141, 33, 1538.1, 153, 32, '0b1eb16a-bd9e-4ef4-831e-483cb3bb3fb1', 'No hay Observaciones', 1),
(37, '2026-02-17', 'Comino', 60, 'OUSFLYS', 22, 85, 85, '08:20:00', '16:20:00', 3, 129, 29, 1685, 168, 32, '0b1eb16a-bd9e-4ef4-831e-483cb3bb3fb1', 'No hay Observaciones', 1),
(38, '2026-02-20', 'Comino', 2, '343-ff-ls', 15, 91, 81, '08:08:00', '14:49:00', 3, 174, 8, 1229.6, 129, 32, '0b1eb16a-bd9e-4ef4-831e-483cb3bb3fb1', 'No hay Observaciones', 1),
(39, '2026-02-21', 'Comino', 40, '343-ff-ls', 13, 86, 84, '08:12:00', '15:20:00', 3, 148, 22, 1413.4, 147, 32, '0b1eb16a-bd9e-4ef4-831e-483cb3bb3fb1', 'No hay Observaciones', 1),
(40, '2026-02-18', 'Comino', 2, 'OOSFL-15', 20, 80, 76, '08:14:00', '16:50:00', 3, 137, 24, 1644.9, 164, 32, '0b1eb16a-bd9e-4ef4-831e-483cb3bb3fb1', 'No hay Observaciones', 1),
(41, '2026-02-25', 'Comino', 40, '343-ff-ls', 6, 72, 69, '08:20:00', '17:30:00', 3, 276, 26, 1545, 154, 32, '0b1eb16a-bd9e-4ef4-831e-483cb3bb3fb1', 'No hay Observaciones', 1),
(42, '2026-02-26', 'Comino', 60, '343-ff-ls', 3, 69, 90, '08:01:00', '17:54:00', 3, 208, 31, 1728.9, 174, 32, '0b1eb16a-bd9e-4ef4-831e-483cb3bb3fb1', 'No hay Observaciones', 1),
(43, '2026-02-23', 'Comino', 3, '260-ff-ls', 10, 84, 80, '08:15:00', '17:00:00', 3, 157, 28, 1434.6, 142, 32, '0b1eb16a-bd9e-4ef4-831e-483cb3bb3fb1', 'No hay Observaciones', 1),
(44, '2026-02-24', 'Comino', 40, '343-ff-ls', 8, 80, 72, '08:09:00', '17:15:00', 4, 303, 28, 1561.5, 166, 32, '0b1eb16a-bd9e-4ef4-831e-483cb3bb3fb1', 'No hay Observaciones', 1),
(45, '2026-02-27', 'Comino', 40, '343-ff-ls', 16, 90, 87, '08:17:00', '17:00:00', 4, 163, 26, 1633.8, 195, 32, '0b1eb16a-bd9e-4ef4-831e-483cb3bb3fb1', 'No hay Observaciones', 1),
(46, '2026-02-28', 'Comino', 60, '343-ff-ls', 10, 86, 81, '08:48:00', '17:50:00', 0, 174, 22, 1137, 112, 32, '0b1eb16a-bd9e-4ef4-831e-483cb3bb3fb1', 'No hay Observaciones', 1),
(47, '2026-03-02', 'Comino', 40, '300-ff-ls', 8, 81, 78, '08:51:00', '16:10:00', 3, 153, 21, 1134.4, 114, 32, '0b1eb16a-bd9e-4ef4-831e-483cb3bb3fb1', 'No hay Observaciones', 1),
(48, '2026-03-03', 'Comino', 2, '343-ff-ls', 4, 78, 72, '08:30:00', '16:50:00', 2, 59, 30, 1283.9, 124, 32, '0b1eb16a-bd9e-4ef4-831e-483cb3bb3fb1', 'No hay Observaciones', 1);

-- --------------------------------------------------------

--
-- Estructura de tabla para la tabla `registro_insumo`
--

CREATE TABLE `registro_insumo` (
  `id` int NOT NULL,
  `fecha` date NOT NULL,
  `fechaVencimiento` date NOT NULL,
  `id_item` int NOT NULL,
  `cantidad` int NOT NULL,
  `defectos` varchar(255) COLLATE utf8mb4_unicode_ci NOT NULL,
  `cantidad_def` int NOT NULL,
  `id_proveedor` int NOT NULL,
  `id_responsable` char(36) CHARACTER SET utf8mb4 COLLATE utf8mb4_bin NOT NULL,
  `lote` varchar(255) COLLATE utf8mb4_unicode_ci NOT NULL,
  `area` varchar(150) COLLATE utf8mb4_unicode_ci DEFAULT NULL,
  `olor` varchar(50) COLLATE utf8mb4_unicode_ci DEFAULT NULL,
  `color` varchar(50) COLLATE utf8mb4_unicode_ci DEFAULT NULL,
  `estado_fisico` varchar(50) COLLATE utf8mb4_unicode_ci DEFAULT NULL,
  `estado` tinyint NOT NULL DEFAULT '1'
) ENGINE=InnoDB DEFAULT CHARSET=utf8mb4 COLLATE=utf8mb4_unicode_ci;

-- --------------------------------------------------------

--
-- Estructura de tabla para la tabla `registro_recepcion_materia_prima`
--

CREATE TABLE `registro_recepcion_materia_prima` (
  `id` int NOT NULL,
  `fecha` date NOT NULL,
  `id_proveedor` int NOT NULL,
  `fecha_procesamiento` date NOT NULL,
  `brix` float DEFAULT NULL,
  `producto` varchar(250) COLLATE utf8mb4_unicode_ci NOT NULL,
  `materia_recep` float NOT NULL,
  `cantidad` float NOT NULL,
  `lote` varchar(250) COLLATE utf8mb4_unicode_ci NOT NULL,
  `color` varchar(250) COLLATE utf8mb4_unicode_ci NOT NULL,
  `olor` varchar(250) COLLATE utf8mb4_unicode_ci NOT NULL,
  `estado_fisico` varchar(250) COLLATE utf8mb4_unicode_ci NOT NULL,
  `cumple` varchar(250) COLLATE utf8mb4_unicode_ci NOT NULL,
  `cant_defectos` float NOT NULL,
  `id_responsable` char(36) CHARACTER SET utf8mb4 COLLATE utf8mb4_bin NOT NULL,
  `orden` int DEFAULT NULL,
  `observaciones` text COLLATE utf8mb4_unicode_ci,
  `estado` tinyint NOT NULL DEFAULT '1',
  `estado_alistamiento` tinyint NOT NULL DEFAULT '1',
  `estado_corte` tinyint NOT NULL DEFAULT '1'
) ENGINE=InnoDB DEFAULT CHARSET=utf8mb4 COLLATE=utf8mb4_unicode_ci;

--
-- Volcado de datos para la tabla `registro_recepcion_materia_prima`
--

INSERT INTO `registro_recepcion_materia_prima` (`id`, `fecha`, `id_proveedor`, `fecha_procesamiento`, `brix`, `producto`, `materia_recep`, `cantidad`, `lote`, `color`, `olor`, `estado_fisico`, `cumple`, `cant_defectos`, `id_responsable`, `orden`, `observaciones`, `estado`, `estado_alistamiento`, `estado_corte`) VALUES
(34, '2025-11-18', 7, '2025-11-17', NULL, 'Comino', 560, 560, 'OSC171125', 'Si', 'Si', 'En condiciones', 'Si Cumple', 0, '0603625d-1076-41e0-9112-42dee9c3d003', 25, 'No hay Observaciones', 0, 0, 0),
(35, '2025-11-18', 5, '2025-11-18', NULL, 'Comino', 3400, 3276, 'NIC181125', 'Si', 'Si', 'En condiciones', 'Si Cumple', 124, '0603625d-1076-41e0-9112-42dee9c3d003', 25, 'No hay Observaciones', 0, 0, 0),
(36, '2025-11-19', 4, '2025-11-18', NULL, 'Comino', 1636, 1636, 'FRU181125', 'Si', 'Si', 'En condiciones', 'Si Cumple', 0, '0603625d-1076-41e0-9112-42dee9c3d003', 25, 'No hay Observaciones', 0, 0, 0),
(37, '2025-11-21', 8, '2025-11-21', NULL, 'Comino', 1620, 1620, 'DAN211125', 'Si', 'Si', 'En condiciones', 'Si Cumple', 0, '0603625d-1076-41e0-9112-42dee9c3d003', 25, 'No hay Observaciones', 0, 0, 0),
(38, '2025-11-21', 6, '2025-11-21', NULL, 'Comino', 180, 180, 'JUA211125', 'Si', 'Si', 'En condiciones', 'Si Cumple', 0, '0603625d-1076-41e0-9112-42dee9c3d003', 25, 'No hay Observaciones', 0, 0, 0),
(39, '2025-11-22', 4, '2025-11-22', NULL, 'Comino', 220, 207, 'FRU221125', 'Si', 'Si', 'En condiciones', 'Si Cumple', 13, '0603625d-1076-41e0-9112-42dee9c3d003', 25, 'No hay Observaciones', 0, 0, 0),
(42, '2025-11-25', 7, '2025-11-24', NULL, 'Comino', 1208, 1208, 'OSC241125', 'Si', 'Si', 'En condiciones', 'Si Cumple', 0, '0603625d-1076-41e0-9112-42dee9c3d003', 25, 'No hay Observaciones', 0, 0, 0),
(43, '2025-11-26', 4, '2025-11-25', NULL, 'Comino', 2280, 2265, 'FRU251125', 'Si', 'Si', 'En condiciones', 'Si Cumple', 15, '0603625d-1076-41e0-9112-42dee9c3d003', 25, 'No hay Observaciones', 0, 0, 0),
(44, '2025-11-27', 11, '2025-11-27', NULL, 'Comino', 2497, 2497, 'MAR271125', 'Si', 'Si', 'En condiciones', 'Si Cumple', 0, '0603625d-1076-41e0-9112-42dee9c3d003', 25, 'No hay Observaciones', 0, 0, 0),
(45, '2025-11-28', 4, '2025-11-28', NULL, 'Comino', 287, 287, 'FRU281125', 'Si', 'Si', 'En condiciones', 'Si Cumple', 0, '0603625d-1076-41e0-9112-42dee9c3d003', 25, 'No hay Observaciones', 0, 0, 0),
(46, '2025-11-28', 8, '2025-11-28', NULL, 'Comino', 2400, 2400, 'DAN281125', 'Si', 'Si', 'En condiciones', 'Si Cumple', 0, '0603625d-1076-41e0-9112-42dee9c3d003', 25, 'No hay Observaciones', 0, 0, 0),
(47, '2025-11-29', 7, '2025-11-28', NULL, 'Comino', 386, 386, 'OSC281125', 'Si', 'Si', 'En condiciones', 'Si Cumple', 0, '0603625d-1076-41e0-9112-42dee9c3d003', 25, 'No hay Observaciones', 0, 0, 0),
(48, '2025-11-29', 12, '2025-11-29', NULL, 'Comino', 1320, 1320, 'LEA291125', 'Si', 'Si', 'En condiciones', 'Si Cumple', 0, '0603625d-1076-41e0-9112-42dee9c3d003', 25, 'No hay Observaciones', 0, 0, 0),
(49, '2025-11-29', 8, '2025-11-29', NULL, 'Comino', 2057, 2057, 'DAN291125', 'Si', 'Si', 'En condiciones', 'Si Cumple', 0, '0603625d-1076-41e0-9112-42dee9c3d003', 25, 'No hay Observaciones', 0, 0, 0),
(50, '2025-11-24', 5, '2025-11-24', NULL, 'Comino', 2836, 2836, 'NIC241125', 'Si', 'Si', 'En condiciones', 'Si Cumple', 0, '0603625d-1076-41e0-9112-42dee9c3d003', 25, 'No hay Observaciones', 0, 0, 0),
(51, '2025-11-22', 8, '2025-11-22', NULL, 'Comino', 860, 860, 'DAN221125', 'Si', 'Si', 'En condiciones', 'Si Cumple', 0, '0603625d-1076-41e0-9112-42dee9c3d003', 25, 'No hay Observaciones', 0, 0, 0),
(52, '2025-11-22', 8, '2025-11-21', NULL, 'Comino', 300, 300, 'DAN221125', 'Si', 'Si', 'En condiciones', 'Si Cumple', 0, '0603625d-1076-41e0-9112-42dee9c3d003', 25, 'No hay Observaciones', 0, 0, 0),
(53, '2025-11-22', 13, '2025-11-22', NULL, 'Comino', 908, 908, 'MAZ221125', 'Si', 'Si', 'En condiciones', 'Si Cumple', 0, '0603625d-1076-41e0-9112-42dee9c3d003', 25, 'No hay Observaciones', 0, 0, 0),
(54, '2025-11-25', 10, '2025-11-25', NULL, 'Comino', 2048, 2048, 'ORL251125', 'Si', 'Si', 'En condiciones', 'Si Cumple', 0, '0603625d-1076-41e0-9112-42dee9c3d003', 25, 'No hay Observaciones', 0, 0, 0),
(58, '2025-11-28', 11, '2025-11-27', NULL, 'Comino', 100, 100, 'MAR271125', 'Si', 'Si', 'En condiciones', 'Si Cumple', 0, 'e65dec75-c1c4-4f76-bfbb-28b950902105', 25, 'Canastillas restantes del día anterior', 2, 0, 0),
(61, '2026-02-14', 8, '2026-02-14', 0, 'Comino', 320, 320, 'ASO14226', 'Si', 'Si', 'En condiciones', 'Si Cumple', 0, '0603625d-1076-41e0-9112-42dee9c3d003', 32, 'No hay Observaciones', 0, 0, 0),
(62, '2026-02-16', 8, '2026-02-14', 0, 'Comino', 1260, 1260, 'ASO14226', 'Si', 'Si', 'En condiciones', 'Si Cumple', 155, '0603625d-1076-41e0-9112-42dee9c3d003', 32, 'No hay Observaciones', 0, 0, 0),
(63, '2026-02-16', 8, '2026-02-16', 0, 'Comino', 600, 600, 'ASO16226', 'Si', 'Si', 'En condiciones', 'Si Cumple', 48, '0603625d-1076-41e0-9112-42dee9c3d003', 32, 'No hay Observaciones', 0, 0, 0),
(64, '2026-02-14', 12, '2026-02-14', 0, 'Comino', 180, 180, 'CLA14226', 'Si', 'Si', 'En condiciones', 'Si Cumple', 0, '0603625d-1076-41e0-9112-42dee9c3d003', 32, 'No hay Observaciones', 0, 0, 0),
(65, '2026-02-16', 12, '2026-02-14', 0, 'Comino', 1040, 1040, 'CLA14226', 'Si', 'Si', 'En condiciones', 'Si Cumple', 135, '0603625d-1076-41e0-9112-42dee9c3d003', 32, 'No hay Observaciones', 0, 0, 0),
(66, '2026-02-16', 5, '2026-02-15', 0, 'Comino', 240, 240, 'NIC15226', 'Si', 'Si', 'En condiciones', 'Si Cumple', 0, '0603625d-1076-41e0-9112-42dee9c3d003', 32, 'No hay Observaciones', 0, 0, 0),
(67, '2026-02-16', 5, '2026-02-15', 0, 'Comino', 260, 260, 'NIC15226', 'Si', 'Si', 'En condiciones', 'Si Cumple', 0, '0603625d-1076-41e0-9112-42dee9c3d003', 32, 'No hay Observaciones', 1, 0, 0),
(68, '2026-02-17', 5, '2026-02-15', 0, 'Comino', 1060, 1060, 'NIC15226', 'Si', 'Si', 'En condiciones', 'Si Cumple', 94, '0603625d-1076-41e0-9112-42dee9c3d003', 32, 'No hay Observaciones', 0, 0, 0),
(70, '2026-02-16', 4, '2026-02-16', 0, 'Comino', 288, 288, 'FRU16226', 'Si', 'Si', 'En condiciones', 'Si Cumple', 0, '0603625d-1076-41e0-9112-42dee9c3d003', 32, 'No hay Observaciones', 0, 0, 0),
(71, '2026-02-17', 69, '2026-02-17', 0, 'Comino', 1977, 1977, 'FRU17226', 'Si', 'Si', 'En condiciones', 'Si Cumple', 0, '0603625d-1076-41e0-9112-42dee9c3d003', 32, 'No hay Observaciones', 0, 0, 0),
(73, '2026-02-17', 39, '2026-02-17', 0, 'Comino', 660, 660, 'YEI17226', 'Si', 'Si', 'En condiciones', 'Si Cumple', 0, '0603625d-1076-41e0-9112-42dee9c3d003', 32, 'No hay Observaciones', 0, 0, 0),
(74, '2026-02-17', 4, '2026-02-17', 0, 'Comino', 340, 340, 'FRU17226', 'Si', 'Si', 'En condiciones', 'Si Cumple', 0, '0603625d-1076-41e0-9112-42dee9c3d003', 32, 'No hay Observaciones', 0, 0, 0),
(75, '2026-02-18', 40, '2026-02-18', 0, 'Comino', 2394, 2394, 'JHO18226', 'Si', 'Si', 'En condiciones', 'Si Cumple', 0, '0603625d-1076-41e0-9112-42dee9c3d003', 32, 'No hay Observaciones', 0, 0, 0),
(76, '2026-02-18', 58, '2026-02-18', 0, 'Comino', 660, 660, 'GLO18226', 'Si', 'Si', 'En condiciones', 'Si Cumple', 0, '0603625d-1076-41e0-9112-42dee9c3d003', 32, 'No hay Observaciones', 0, 0, 0),
(77, '2026-02-18', 39, '2026-02-18', 0, 'Comino', 700, 700, 'YEI18226', 'Si', 'Si', 'En condiciones', 'Si Cumple', 0, '0603625d-1076-41e0-9112-42dee9c3d003', 32, 'No hay Observaciones', 0, 0, 0),
(78, '2026-02-18', 48, '2026-02-18', 0, 'Comino', 260, 260, 'YEI18226', 'Si', 'Si', 'En condiciones', 'Si Cumple', 0, '0603625d-1076-41e0-9112-42dee9c3d003', 32, 'No hay Observaciones', 0, 0, 0),
(79, '2026-02-19', 48, '2026-02-19', 0, 'Comino', 1700, 1700, 'YEI19226', 'Si', 'Si', 'En condiciones', 'Si Cumple', 0, '0603625d-1076-41e0-9112-42dee9c3d003', 32, 'No hay Observaciones', 0, 0, 0),
(80, '2026-02-19', 31, '2026-02-19', 0, 'Comino', 2880, 2880, 'GER19226', 'Si', 'Si', 'En condiciones', 'Si Cumple', 0, '0603625d-1076-41e0-9112-42dee9c3d003', 32, 'No hay Observaciones', 0, 0, 0),
(81, '2026-02-20', 45, '2026-02-19', 0, 'Comino', 480, 480, 'RIC19226', 'Si', 'Si', 'En condiciones', 'Si Cumple', 0, '0603625d-1076-41e0-9112-42dee9c3d003', 32, 'No hay Observaciones', 0, 0, 0),
(82, '2026-02-20', 51, '2026-02-19', 0, 'Comino', 900, 900, 'ASO19226', 'Si', 'Si', 'En condiciones', 'Si Cumple', 0, '0603625d-1076-41e0-9112-42dee9c3d003', 32, 'No hay Observaciones', 0, 0, 0),
(83, '2026-02-17', 72, '2026-02-17', 0, 'Comino', 85, 85, 'AGR17226', 'Si', 'Si', 'En condiciones', 'Si Cumple', 0, '0603625d-1076-41e0-9112-42dee9c3d003', 32, 'No hay Observaciones', 0, 0, 0),
(84, '2026-02-14', 8, '2026-02-13', 0, 'Comino', 200, 200, 'ASO13226', 'Si', 'Si', 'En condiciones', 'Si Cumple', 0, '5e7707bc-83b6-4eb6-81ea-be1b17cb4e7a', 32, 'No hay Observaciones', 0, 0, 0),
(85, '2026-02-16', 72, '2026-02-16', 0, 'Comino', 160, 160, 'AGR16226', 'Si', 'Si', 'En condiciones', 'Si Cumple', 0, '0603625d-1076-41e0-9112-42dee9c3d003', 32, 'No hay Observaciones', 0, 0, 0),
(86, '2026-02-18', 72, '2026-02-18', 0, 'Comino', 20, 20, 'AGR18226', 'Si', 'Si', 'En condiciones', 'Si Cumple', 0, '0603625d-1076-41e0-9112-42dee9c3d003', 32, 'No hay Observaciones', 0, 0, 0),
(87, '2026-02-19', 72, '2026-02-19', 0, 'Comino', 38, 38, 'AGR19226', 'Si', 'Si', 'En condiciones', 'Si Cumple', 0, '0603625d-1076-41e0-9112-42dee9c3d003', 32, 'No hay Observaciones', 0, 0, 0),
(88, '2026-02-20', 72, '2026-02-20', 0, 'Comino', 15, 15, 'AGR20226', 'Si', 'Si', 'En condiciones', 'Si Cumple', 0, '0603625d-1076-41e0-9112-42dee9c3d003', 32, 'No hay Observaciones', 0, 0, 0),
(89, '2026-02-20', 8, '2026-02-20', 0, 'Comino', 2129, 2129, 'ASO20226', 'Si', 'Si', 'En condiciones', 'Si Cumple', 0, '5e7707bc-83b6-4eb6-81ea-be1b17cb4e7a', 32, 'No hay Observaciones', 0, 0, 0),
(90, '2026-02-21', 31, '2026-02-21', 0, 'Comino', 1200, 1200, 'GER21226', 'Si', 'Si', 'En condiciones', 'Si Cumple', 0, '5e7707bc-83b6-4eb6-81ea-be1b17cb4e7a', 32, 'No hay Observaciones', 0, 0, 0),
(91, '2026-02-21', 8, '2026-02-21', 0, 'Comino', 1920, 1920, 'ASO21226', 'Si', 'Si', 'En condiciones', 'Si Cumple', 0, '5e7707bc-83b6-4eb6-81ea-be1b17cb4e7a', 32, 'No hay Observaciones', 0, 0, 0),
(92, '2026-02-21', 73, '2026-02-20', 0, 'Comino', 194, 194, 'FRU20226', 'Si', 'Si', 'En condiciones', 'Si Cumple', 0, '0603625d-1076-41e0-9112-42dee9c3d003', 32, 'No hay Observaciones', 0, 0, 0),
(93, '2026-02-21', 74, '2026-02-20', 0, 'Comino', 440, 440, 'FRU20226', 'Si', 'Si', 'En condiciones', 'Si Cumple', 0, '0603625d-1076-41e0-9112-42dee9c3d003', 32, 'No hay Observaciones', 0, 0, 0),
(94, '2026-02-23', 5, '2026-02-22', 0, 'Comino', 2160, 2160, 'NIC22226', 'Si', 'Si', 'En condiciones', 'Si Cumple', 0, '5e7707bc-83b6-4eb6-81ea-be1b17cb4e7a', 32, 'No hay Observaciones', 0, 0, 0),
(95, '2026-02-23', 5, '2026-02-22', 0, 'Comino', 380, 380, 'NIC22226', 'Si', 'Si', 'En condiciones', 'Si Cumple', 0, '5e7707bc-83b6-4eb6-81ea-be1b17cb4e7a', 32, 'No hay Observaciones', 0, 0, 0),
(96, '2026-02-23', 8, '2026-02-23', 0, 'Comino', 1017, 1017, 'ASO23226', 'Si', 'Si', 'En condiciones', 'Si Cumple', 0, '5e7707bc-83b6-4eb6-81ea-be1b17cb4e7a', 32, 'No hay Observaciones', 0, 0, 0),
(97, '2026-02-24', 42, '2026-02-23', 0, 'Comino', 215, 215, 'RIC23226', 'Si', 'Si', 'En condiciones', 'Si Cumple', 0, '5e7707bc-83b6-4eb6-81ea-be1b17cb4e7a', 32, 'No hay Observaciones', 0, 0, 0),
(98, '2026-02-24', 60, '2026-02-23', 0, 'Comino', 360, 360, 'YOS23226', 'Si', 'Si', 'En condiciones', 'Si Cumple', 0, '5e7707bc-83b6-4eb6-81ea-be1b17cb4e7a', 32, 'No hay Observaciones', 0, 0, 0),
(99, '2026-02-24', 75, '2026-02-23', 0, 'Comino', 1300, 1300, 'FRU23226', 'Si', 'Si', 'En condiciones', 'Si Cumple', 0, '5e7707bc-83b6-4eb6-81ea-be1b17cb4e7a', 32, 'No hay Observaciones', 0, 0, 0),
(100, '2026-02-24', 76, '2026-02-23', 0, 'Comino', 140, 140, 'FRU23226', 'Si', 'Si', 'En condiciones', 'Si Cumple', 0, '5e7707bc-83b6-4eb6-81ea-be1b17cb4e7a', 32, 'No hay Observaciones', 0, 0, 0),
(101, '2026-02-24', 76, '2026-02-23', 0, 'Comino', 1297, 1297, 'FRU23226', 'Si', 'Si', 'En condiciones', 'Si Cumple', 0, '5e7707bc-83b6-4eb6-81ea-be1b17cb4e7a', 32, 'No hay Observaciones', 0, 0, 0),
(102, '2026-02-24', 39, '2026-02-24', 0, 'Comino', 354, 354, 'YEI24226', 'Si', 'Si', 'En condiciones', 'Si Cumple', 0, '5e7707bc-83b6-4eb6-81ea-be1b17cb4e7a', 32, 'No hay Observaciones', 0, 0, 0),
(103, '2026-02-24', 78, '2026-02-24', 0, 'Comino', 400, 400, 'INV24226', 'Si', 'Si', 'En condiciones', 'Si Cumple', 0, '5e7707bc-83b6-4eb6-81ea-be1b17cb4e7a', 32, 'No hay Observaciones', 0, 0, 0),
(104, '2026-02-25', 77, '2026-02-24', 0, 'Comino', 257, 257, 'LUI24226', 'Si', 'Si', 'En condiciones', 'Si Cumple', 0, '5e7707bc-83b6-4eb6-81ea-be1b17cb4e7a', 32, 'No hay Observaciones', 0, 0, 0),
(105, '2026-02-25', 78, '2026-02-24', 0, 'Comino', 540, 540, 'INV24226', 'Si', 'Si', 'En condiciones', 'Si Cumple', 0, '5e7707bc-83b6-4eb6-81ea-be1b17cb4e7a', 32, 'No hay Observaciones', 0, 0, 0),
(106, '2026-02-25', 8, '2026-02-25', 0, 'Comino', 1240, 1240, 'ASO25226', 'Si', 'Si', 'En condiciones', 'Si Cumple', 0, '5e7707bc-83b6-4eb6-81ea-be1b17cb4e7a', 32, 'No hay Observaciones', 0, 0, 0),
(107, '2026-02-25', 46, '2026-02-25', 0, 'Comino', 1680, 1680, 'RAU25226', 'Si', 'Si', 'En condiciones', 'Si Cumple', 0, '5e7707bc-83b6-4eb6-81ea-be1b17cb4e7a', 32, 'No hay Observaciones', 0, 0, 0),
(108, '2026-02-25', 65, '2026-02-25', 0, 'Comino', 160, 160, 'YOH25226', 'Si', 'Si', 'En condiciones', 'Si Cumple', 0, '5e7707bc-83b6-4eb6-81ea-be1b17cb4e7a', 32, 'No hay Observaciones | 2026-02-26: Restado por sobrantes para día siguiente (140 kg) | 2026-02-26: Restado por sobrantes para día siguiente (140 kg) | 2026-02-26: Restado por sobrantes para día siguiente (140 kg) | 2026-02-26: Restado por sobrantes para día siguiente (140 kg) | 2026-02-26: Restado por sobrantes para día siguiente (140 kg) | 2026-02-26: Restado por sobrantes para día siguiente (140 kg) | 2026-02-26: Restado por sobrantes para día siguiente (140 kg) | 2026-02-26: Restado por sobrantes para día siguiente (140 kg) | 2026-02-27: Restado por sobrantes para día siguiente (140 kg) | 2026-02-27: Restado por sobrantes para día siguiente (140 kg)', 0, 0, 0),
(126, '2026-02-26', 65, '2026-02-25', NULL, 'Comino', 140, 140, 'YOH25226', 'Si', 'Si', 'En condiciones', 'Si Cumple', 0, '5e7707bc-83b6-4eb6-81ea-be1b17cb4e7a', 32, 'Canastillas restantes del día anterior', 0, 0, 0),
(127, '2026-02-26', 65, '2026-02-25', 0, 'Comino', 520, 520, 'YOH25226', 'Si', 'Si', 'En condiciones', 'Si Cumple', 14, '5e7707bc-83b6-4eb6-81ea-be1b17cb4e7a', 32, 'No hay Observaciones', 0, 0, 0),
(128, '2026-02-26', 57, '2026-02-25', 0, 'Comino', 680, 680, 'GLA25226', 'Si', 'Si', 'En condiciones', 'Si Cumple', 9, '0603625d-1076-41e0-9112-42dee9c3d003', 32, 'No hay Observaciones', 0, 0, 0),
(132, '2026-02-26', 31, '2026-02-26', 0, 'Comino', 1940, 1940, 'GER26226', 'Si', 'Si', 'En condiciones', 'Si Cumple', 0, '0603625d-1076-41e0-9112-42dee9c3d003', 32, 'No hay Observaciones', 0, 0, 0),
(133, '2026-02-27', 31, '2026-02-26', 0, 'Comino', 498, 498, 'GER26226', 'Si', 'Si', 'En condiciones', 'Si Cumple', 0, '0603625d-1076-41e0-9112-42dee9c3d003', 32, 'No hay Observaciones', 0, 0, 0),
(134, '2026-02-27', 79, '2026-02-26', 0, 'Comino', 660, 660, 'FAB26226', 'Si', 'Si', 'En condiciones', 'Si Cumple', 0, '0603625d-1076-41e0-9112-42dee9c3d003', 32, 'No hay Observaciones', 0, 0, 0),
(135, '2026-02-27', 49, '2026-02-26', 0, 'Comino', 860, 860, 'VIC26226', 'Si', 'Si', 'En condiciones', 'Si Cumple', 0, '0603625d-1076-41e0-9112-42dee9c3d003', 32, 'No hay Observaciones', 0, 0, 0),
(137, '2026-02-26', 12, '2026-02-26', 0, 'Comino', 720, 720, 'CLA26226', 'Si', 'Si', 'En condiciones', 'Si Cumple', 0, '0603625d-1076-41e0-9112-42dee9c3d003', 32, 'No hay Observaciones', 0, 0, 0),
(138, '2026-02-27', 8, '2026-02-27', 0, 'Comino', 1320, 1320, 'ASO27226', 'Si', 'Si', 'En condiciones', 'Si Cumple', 0, '0603625d-1076-41e0-9112-42dee9c3d003', 32, 'No hay Observaciones', 0, 0, 0),
(139, '2026-02-27', 39, '2026-02-27', 0, 'Comino', 184, 184, 'YEI27226', 'Si', 'Si', 'En condiciones', 'Si Cumple', 0, '5e7707bc-83b6-4eb6-81ea-be1b17cb4e7a', 32, 'No hay Observaciones', 0, 0, 0),
(141, '2026-02-27', 49, '2026-02-26', 0, 'Comino', 500, 500, 'VIC26226', 'Si', 'Si', 'En condiciones', 'Si Cumple', 0, '5e7707bc-83b6-4eb6-81ea-be1b17cb4e7a', 32, 'No hay Observaciones', 0, 0, 0),
(142, '2026-02-28', 8, '2026-02-27', 0, 'Comino', 800, 800, 'ASO27226', 'Si', 'Si', 'En condiciones', 'Si Cumple', 0, '5e7707bc-83b6-4eb6-81ea-be1b17cb4e7a', 32, 'No hay Observaciones', 0, 0, 0),
(143, '2026-02-28', 74, '2026-02-27', 0, 'Comino', 187, 187, 'FRU27226', 'Si', 'Si', 'En condiciones', 'Si Cumple', 0, '5e7707bc-83b6-4eb6-81ea-be1b17cb4e7a', 32, 'No hay Observaciones', 0, 0, 0),
(144, '2026-02-28', 8, '2026-02-28', 0, 'Comino', 2080, 2080, 'ASO28226', 'Si', 'Si', 'En condiciones', 'Si Cumple', 0, '5e7707bc-83b6-4eb6-81ea-be1b17cb4e7a', 32, 'No hay Observaciones', 0, 0, 0),
(145, '2026-02-28', 31, '2026-02-28', 0, 'Comino', 531, 531, 'GER28226', 'Si', 'Si', 'En condiciones', 'Si Cumple', 0, '5e7707bc-83b6-4eb6-81ea-be1b17cb4e7a', 32, 'No hay Observaciones', 0, 0, 0),
(146, '2026-02-23', 72, '2026-02-23', 0, 'Comino', 60, 60, 'AGR23226', 'Si', 'Si', 'En condiciones', 'Si Cumple', 0, '0603625d-1076-41e0-9112-42dee9c3d003', 32, 'No hay Observaciones', 0, 1, 0),
(147, '2026-03-02', 5, '2026-03-02', 0, 'Comino', 2929, 2929, 'NIC2326', 'Si', 'Si', 'En condiciones', 'Si Cumple', 160, '0603625d-1076-41e0-9112-42dee9c3d003', 32, 'No hay Observaciones', 0, 0, 0),
(148, '2026-03-03', 27, '2026-03-02', 0, 'Comino', 1000, 1000, 'DAN2326', 'Si', 'Si', 'En condiciones', 'Si Cumple', 87, '0603625d-1076-41e0-9112-42dee9c3d003', 32, 'No hay Observaciones', 0, 0, 0),
(149, '2026-03-03', 12, '2026-03-03', 0, 'Comino', 600, 600, 'CLA3326', 'Si', 'Si', 'En condiciones', 'Si Cumple', 0, '0603625d-1076-41e0-9112-42dee9c3d003', 32, 'No hay Observaciones', 0, 0, 0),
(150, '2026-03-03', 80, '2026-03-02', 0, 'Comino', 954, 954, 'FRU2326', 'Si', 'Si', 'En condiciones', 'Si Cumple', 64, '0603625d-1076-41e0-9112-42dee9c3d003', 32, 'No hay Observaciones', 0, 0, 0);

-- --------------------------------------------------------

--
-- Estructura de tabla para la tabla `registro_recepcion_materia_prima_pesaje`
--

CREATE TABLE `registro_recepcion_materia_prima_pesaje` (
  `id` int NOT NULL,
  `fecha` date NOT NULL,
  `fecha_procedimiento` date NOT NULL,
  `id_proveedor` int NOT NULL,
  `id_responsable` char(36) CHARACTER SET utf8mb4 COLLATE utf8mb4_bin NOT NULL,
  `lote` varchar(250) COLLATE utf8mb4_unicode_ci NOT NULL,
  `variedad` varchar(250) COLLATE utf8mb4_unicode_ci NOT NULL,
  `total_canastillas` float NOT NULL,
  `sub_total` float NOT NULL,
  `peso_total` float NOT NULL,
  `orden` int DEFAULT NULL,
  `observaciones` text COLLATE utf8mb4_unicode_ci,
  `estado` tinyint NOT NULL DEFAULT '1'
) ENGINE=InnoDB DEFAULT CHARSET=utf8mb4 COLLATE=utf8mb4_unicode_ci;

--
-- Volcado de datos para la tabla `registro_recepcion_materia_prima_pesaje`
--

INSERT INTO `registro_recepcion_materia_prima_pesaje` (`id`, `fecha`, `fecha_procedimiento`, `id_proveedor`, `id_responsable`, `lote`, `variedad`, `total_canastillas`, `sub_total`, `peso_total`, `orden`, `observaciones`, `estado`) VALUES
(9, '2025-11-18', '2025-11-17', 7, '0603625d-1076-41e0-9112-42dee9c3d003', 'OSC171125', 'Comino', 30, 651.7, 591.7, 25, 'No hay Observaciones', 1),
(10, '2025-11-21', '2025-11-21', 6, '0603625d-1076-41e0-9112-42dee9c3d003', 'JUA211125', 'Comino', 8, 197, 181, 25, 'No hay Observaciones', 1),
(11, '2025-11-03', '2025-11-22', 8, '0603625d-1076-41e0-9112-42dee9c3d003', 'DAN221125', 'Comino', 48, 955.8, 859.8, 25, 'No hay Observaciones', 1),
(13, '2025-11-25', '2025-11-24', 7, '0603625d-1076-41e0-9112-42dee9c3d003', 'OSC241125', 'Comino', 36, 1070.8, 998.8, 25, 'No hay Observaciones', 1),
(14, '2025-11-25', '2025-11-25', 10, '0603625d-1076-41e0-9112-42dee9c3d003', 'ORL251125', 'Comino', 111, 2360.3, 2138.3, 25, 'No hay Observaciones', 1),
(18, '2026-02-14', '2026-02-14', 8, '0603625d-1076-41e0-9112-42dee9c3d003', 'ASO14226', 'Comino', 128, 2611.2, 2355.2, 32, 'No hay Observaciones', 1),
(19, '2026-02-15', '2026-02-15', 5, '0603625d-1076-41e0-9112-42dee9c3d003', 'NIC15226', 'Comino', 100, 1724.1, 1524.1, 32, 'No hay Observaciones', 1),
(27, '2026-02-16', '2026-02-16', 4, '0603625d-1076-41e0-9112-42dee9c3d003', 'FRU16226', 'Comino', 11, 345.8, 323.8, 32, 'No hay Observaciones', 1),
(28, '2026-02-16', '2026-02-16', 69, '0603625d-1076-41e0-9112-42dee9c3d003', 'FRU16226', 'Comino', 75, 1275, 1125, 32, 'No hay Observaciones', 1),
(29, '2026-02-14', '2026-02-14', 12, '0603625d-1076-41e0-9112-42dee9c3d003', 'CLA14226', 'Comino', 54, 1316.8, 1208.8, 32, 'No hay Observaciones', 1),
(30, '2026-02-23', '2026-02-23', 8, '0603625d-1076-41e0-9112-42dee9c3d003', 'ASO23226', 'Comino', 51, 1082, 980, 32, 'No hay Observaciones', 1),
(31, '2026-02-24', '2026-02-23', 42, '0603625d-1076-41e0-9112-42dee9c3d003', 'RIC23226', 'Comino', 11, 229.9, 207.9, 32, 'No hay Observaciones', 1),
(32, '2026-02-24', '2026-02-23', 60, '0603625d-1076-41e0-9112-42dee9c3d003', 'YOS23226', 'Comino', 21, 401.3, 359.3, 32, 'No hay Observaciones', 1),
(33, '2026-02-24', '2026-02-23', 75, '0603625d-1076-41e0-9112-42dee9c3d003', 'FRU23226', 'Comino', 52, 1357.6, 1253.6, 32, 'No hay Observaciones', 1),
(34, '2026-02-24', '2026-02-23', 76, '0603625d-1076-41e0-9112-42dee9c3d003', 'FRU23226', 'Comino', 69, 1508.7, 1370.7, 32, 'No hay Observaciones', 1),
(35, '2026-02-24', '2026-02-24', 39, '0603625d-1076-41e0-9112-42dee9c3d003', 'YEI24226', 'Comino', 17, 374.5, 340.5, 32, 'No hay Observaciones', 1),
(36, '2026-02-22', '2026-02-22', 5, '0603625d-1076-41e0-9112-42dee9c3d003', 'NIC22226', 'Comino', 127, 2646.9, 2392.9, 32, 'No hay Observaciones', 1),
(37, '2026-02-25', '2026-02-25', 8, '0603625d-1076-41e0-9112-42dee9c3d003', 'ASO25226', 'Comino', 62, 1320.1, 1196.1, 32, 'No hay Observaciones', 1),
(38, '2026-02-25', '2026-02-25', 46, '0603625d-1076-41e0-9112-42dee9c3d003', 'RAU25226', 'Comino', 76, 1786.4, 1634.4, 32, 'No hay Observaciones', 1),
(39, '2026-02-25', '2026-02-25', 65, '0603625d-1076-41e0-9112-42dee9c3d003', 'YOH25226', 'Comino', 52, 930.5, 826.5, 32, 'No hay Observaciones', 1),
(40, '2026-02-24', '2026-02-24', 77, '0603625d-1076-41e0-9112-42dee9c3d003', 'LUI24226', 'Comino', 19, 290.6, 252.6, 32, 'No hay Observaciones', 1),
(41, '2026-02-24', '2026-02-24', 78, '0603625d-1076-41e0-9112-42dee9c3d003', 'INV24226', 'Comino', 50, 996.4, 896.4, 32, 'No hay Observaciones', 1),
(42, '2026-02-26', '2026-02-26', 49, '5e7707bc-83b6-4eb6-81ea-be1b17cb4e7a', 'VIC26226', 'Comino', 71, 1525.9, 1383.9, 32, 'No hay Observaciones', 1),
(43, '2026-02-27', '2026-02-27', 8, '5e7707bc-83b6-4eb6-81ea-be1b17cb4e7a', 'ASO27226', 'Comino', 106, 2159.4, 1947.4, 32, 'No hay Observaciones', 1),
(44, '2026-02-27', '2026-02-27', 39, '5e7707bc-83b6-4eb6-81ea-be1b17cb4e7a', 'YEI27226', 'Comino', 7, 196, 182, 32, 'No hay Observaciones', 1),
(45, '2026-02-27', '2026-02-27', 74, '5e7707bc-83b6-4eb6-81ea-be1b17cb4e7a', 'FRU27226', 'Comino', 2, 186.7, 182.7, 32, 'No hay Observaciones', 1),
(46, '2026-02-28', '2026-02-28', 31, '5e7707bc-83b6-4eb6-81ea-be1b17cb4e7a', 'GER28226', 'Comino', 31, 564.6, 502.6, 32, 'No hay Observaciones', 1),
(47, '2026-02-28', '2026-02-28', 8, '5e7707bc-83b6-4eb6-81ea-be1b17cb4e7a', 'ASO28226', 'Comino', 118, 2220.6, 1984.6, 32, 'No hay Observaciones', 1),
(48, '2026-02-26', '2026-02-26', 79, '5e7707bc-83b6-4eb6-81ea-be1b17cb4e7a', 'FAB26226', 'Comino', 40, 751.6, 671.6, 32, 'No hay Observaciones', 1),
(49, '2026-02-26', '2026-02-26', 31, '5e7707bc-83b6-4eb6-81ea-be1b17cb4e7a', 'GER26226', 'Comino', 119, 2571.4, 2333.4, 32, 'No hay Observaciones', 1),
(50, '2026-02-26', '2026-02-26', 12, '5e7707bc-83b6-4eb6-81ea-be1b17cb4e7a', 'CLA26226', 'Comino', 34, 757.4, 689.4, 32, 'No hay Observaciones', 1),
(51, '2026-02-25', '2026-02-25', 57, '5e7707bc-83b6-4eb6-81ea-be1b17cb4e7a', 'GLA25226', 'Comino', 39, 763.1, 685.1, 32, 'No hay Observaciones', 1),
(52, '2026-03-02', '2026-03-02', 27, '0603625d-1076-41e0-9112-42dee9c3d003', 'DAN2326', 'Comino', 51, 1093.6, 991.6, 32, 'No hay Observaciones', 1),
(53, '2026-03-03', '2026-03-03', 12, '0603625d-1076-41e0-9112-42dee9c3d003', 'CLA3326', 'Comino', 68, 1275.7, 1139.7, 32, 'No hay Observaciones', 1),
(54, '2026-03-02', '2026-03-02', 5, '0603625d-1076-41e0-9112-42dee9c3d003', 'NIC2326', 'Comino', 193, 2592, 2206, 32, 'No hay Observaciones', 1);

-- --------------------------------------------------------

--
-- Estructura de tabla para la tabla `registro_temperatura`
--

CREATE TABLE `registro_temperatura` (
  `id` int NOT NULL,
  `fecha_mes` date NOT NULL,
  `estado` tinyint NOT NULL DEFAULT '1'
) ENGINE=InnoDB DEFAULT CHARSET=utf8mb4 COLLATE=utf8mb4_unicode_ci;

-- --------------------------------------------------------

--
-- Estructura de tabla para la tabla `roles`
--

CREATE TABLE `roles` (
  `id` tinyint NOT NULL,
  `nombre` varchar(50) COLLATE utf8mb4_unicode_ci NOT NULL,
  `descripcion` varchar(100) COLLATE utf8mb4_unicode_ci DEFAULT NULL,
  `estado` tinyint NOT NULL DEFAULT '1'
) ENGINE=InnoDB DEFAULT CHARSET=utf8mb4 COLLATE=utf8mb4_unicode_ci;

--
-- Volcado de datos para la tabla `roles`
--

INSERT INTO `roles` (`id`, `nombre`, `descripcion`, `estado`) VALUES
(1, 'Dashboard', 'Control total del Dashboard', 2),
(2, 'Produccion', 'Control total de todos los módulos de produccion.', 2),
(3, 'Recepcion', 'Encargado del area de recepción', 2),
(4, 'Alistamiento', 'Encargada del Area de Alistamiento.', 2),
(5, 'Corte', 'Encargado del area de producción', 2),
(6, 'Fritura', 'Encargado del area de fritura', 2),
(7, 'Empaque', 'Encargado del area de empaque', 2),
(8, 'Cuartos', 'Encargado del registro de temperatura de los cuartos.', 2),
(9, 'Productor', 'Encargado de administradrar toda la produccion.', 2),
(10, 'Gerente', 'Encargado de gestionar la parte Administrativa.', 2),
(11, 'Pelador', 'Encargado de pelar las canastillas de platano.', 1),
(12, 'RRHH', 'Encargada de la gestion de recursos humanos.', 2),
(13, 'Empacador', 'Encargado de emapacar patacon.', 1),
(14, 'Cortador', 'Encargado de cortar el platano pelado', 1),
(15, 'Fritador', 'Encargado de la fritura del platano.', 1),
(16, 'Termometrista', 'Encargado de tomar la temperatura a los cuartos.', 1),
(17, 'Desgajador', 'Encargado de desgajar el platano.', 1),
(18, 'RecursosHumanos', 'Encargada del talento Humano.', 1),
(19, 'Elaborador', 'Encargado de Elaborar toda la produccion', 1),
(21, 'Patinador', 'Encargado de Asignar las castillas a las peladoras', 1),
(22, 'Gerencia', 'Encargado de la parte administrativa en la empresa', 1);

-- --------------------------------------------------------

--
-- Estructura de tabla para la tabla `sesiones_usuarios`
--

CREATE TABLE `sesiones_usuarios` (
  `id` char(36) CHARACTER SET utf8mb4 COLLATE utf8mb4_bin NOT NULL,
  `id_usuario` char(36) CHARACTER SET utf8mb4 COLLATE utf8mb4_bin NOT NULL,
  `token` text COLLATE utf8mb4_unicode_ci NOT NULL,
  `direccion_ip` varchar(45) COLLATE utf8mb4_unicode_ci NOT NULL DEFAULT 'ERROR AL REGISTRAR',
  `browser` varchar(255) COLLATE utf8mb4_unicode_ci NOT NULL DEFAULT 'ERROR AL REGISTRAR',
  `so` varchar(255) COLLATE utf8mb4_unicode_ci NOT NULL DEFAULT 'ERROR AL REGISTRAR',
  `dispositivo` varchar(255) COLLATE utf8mb4_unicode_ci NOT NULL DEFAULT 'ERROR AL REGISTRAR',
  `ingreso` datetime NOT NULL,
  `creado_en` datetime NOT NULL,
  `expira_en` datetime NOT NULL,
  `salida` datetime DEFAULT NULL,
  `estado` tinyint(1) DEFAULT '1'
) ENGINE=InnoDB DEFAULT CHARSET=utf8mb4 COLLATE=utf8mb4_unicode_ci;

--
-- Volcado de datos para la tabla `sesiones_usuarios`
--

INSERT INTO `sesiones_usuarios` (`id`, `id_usuario`, `token`, `direccion_ip`, `browser`, `so`, `dispositivo`, `ingreso`, `creado_en`, `expira_en`, `salida`, `estado`) VALUES
('11d04757-2f17-4fc8-8e60-8c4cfd63c1f2', 'a44d483e-cfa2-4830-895b-44c1d2c8b3d9', 'eyJhbGciOiJIUzI1NiIsInR5cCI6IkpXVCJ9.eyJpZCI6ImE0NGQ0ODNlLWNmYTItNDgzMC04OTViLTQ0YzFkMmM4YjNkOSIsIm5vbWJyZSI6IkFkbWluRGFzaGJvYXJkIiwicm9sIjoiRGFzaGJvYXJkIiwiaWF0IjoxNzczMDYwNjUxLCJleHAiOjE3NzMwOTMwNTF9.b7-PsjqtEX-DKA4BkqMcMLJCd6e_tfUSRpl6NRgqoRk', '172.20.0.1', 'Chrome 145.0.0', 'Windows 10.0.0', 'Other 0.0.0', '2026-03-09 07:50:51', '2026-03-09 07:50:51', '2026-03-09 16:50:51', NULL, 0),
('4c121936-88b2-45af-be1d-ea78c853a9d7', 'a44d483e-cfa2-4830-895b-44c1d2c8b3d9', 'eyJhbGciOiJIUzI1NiIsInR5cCI6IkpXVCJ9.eyJpZCI6ImE0NGQ0ODNlLWNmYTItNDgzMC04OTViLTQ0YzFkMmM4YjNkOSIsIm5vbWJyZSI6IkFkbWluRGFzaGJvYXJkIiwicm9sIjoiRGFzaGJvYXJkIiwiaWF0IjoxNzcyODAxNzI2LCJleHAiOjE3NzI4MzQxMjZ9.5H2PeIMDTs69QolUHwOL8Yulhug7kdkzMG4skxS4Pn8', '172.20.0.1', 'Chrome 145.0.0', 'Windows 10.0.0', 'Other 0.0.0', '2026-03-06 07:55:26', '2026-03-06 07:55:26', '2026-03-06 16:55:26', '2026-03-06 16:56:20', 0),
('4dfc5d38-f937-44b7-8aa2-6ae91cb87225', 'a44d483e-cfa2-4830-895b-44c1d2c8b3d9', 'eyJhbGciOiJIUzI1NiIsInR5cCI6IkpXVCJ9.eyJpZCI6ImE0NGQ0ODNlLWNmYTItNDgzMC04OTViLTQ0YzFkMmM4YjNkOSIsIm5vbWJyZSI6IkFkbWluRGFzaGJvYXJkIiwicm9sIjoiRGFzaGJvYXJkIiwiaWF0IjoxNzczMDgzOTU2LCJleHAiOjE3NzMxMTYzNTZ9.64RgWbbDUqpz-tQNlBIBL6t5qnSsUI0hmHhDR2VS_bE', '172.20.0.1', 'Chrome 145.0.0', 'Windows 10.0.0', 'Other 0.0.0', '2026-03-09 14:19:16', '2026-03-09 14:19:16', '2026-03-09 23:19:16', NULL, 1),
('79e47152-b7e4-4e79-b012-10a2231822a2', 'b9ca18ff-1962-4ac6-99e9-f4e29db1ef04', 'eyJhbGciOiJIUzI1NiIsInR5cCI6IkpXVCJ9.eyJpZCI6ImI5Y2ExOGZmLTE5NjItNGFjNi05OWU5LWY0ZTI5ZGIxZWYwNCIsIm5vbWJyZSI6IkFkbWluUHJvZHVjY2lvbiIsInJvbCI6IlByb2R1Y2Npb24iLCJpYXQiOjE3NzI4MDE5NTEsImV4cCI6MTc3MjgzNDM1MX0.b0iAHk_FwQfiUZKxVJ8WfP66Bid6s4GxDCwn1FWwWG4', '172.20.0.1', 'Chrome 145.0.0', 'Windows 10.0.0', 'Other 0.0.0', '2026-03-06 07:59:11', '2026-03-06 07:59:11', '2026-03-06 16:59:11', '2026-03-06 16:59:20', 0),
('90ba1534-a593-4177-95f8-6e1199d0b4c2', 'a44d483e-cfa2-4830-895b-44c1d2c8b3d9', 'eyJhbGciOiJIUzI1NiIsInR5cCI6IkpXVCJ9.eyJpZCI6ImE0NGQ0ODNlLWNmYTItNDgzMC04OTViLTQ0YzFkMmM4YjNkOSIsIm5vbWJyZSI6IkFkbWluRGFzaGJvYXJkIiwicm9sIjoiRGFzaGJvYXJkIiwiaWF0IjoxNzcyODg3ODA0LCJleHAiOjE3NzI5MjAyMDR9.tUF4w5Ee1k1kMGrcZJTJTwGxOqwczcLRRr0tKOMs5gM', '172.20.0.1', 'Chrome 145.0.0', 'Windows 10.0.0', 'Other 0.0.0', '2026-03-07 07:50:04', '2026-03-07 07:50:04', '2026-03-07 16:50:04', '2026-03-09 07:49:20', 0),
('9184eb14-380a-4134-8181-f5976f77546f', 'b9ca18ff-1962-4ac6-99e9-f4e29db1ef04', 'eyJhbGciOiJIUzI1NiIsInR5cCI6IkpXVCJ9.eyJpZCI6ImI5Y2ExOGZmLTE5NjItNGFjNi05OWU5LWY0ZTI5ZGIxZWYwNCIsIm5vbWJyZSI6IkFkbWluUHJvZHVjY2lvbiIsInJvbCI6IlByb2R1Y2Npb24iLCJpYXQiOjE3NzMwODQ5MDgsImV4cCI6MTc3MzExNzMwOH0.zVMt-jidZ92fX0fDf6bcXC71ymGWDCEetlAkvfkY4pM', '172.20.0.1', 'Chrome 145.0.0', 'Windows 10.0.0', 'Other 0.0.0', '2026-03-09 14:35:08', '2026-03-09 14:35:08', '2026-03-09 23:35:08', NULL, 1),
('922c167a-4273-42af-a570-616888bad9b1', 'b9ca18ff-1962-4ac6-99e9-f4e29db1ef04', 'eyJhbGciOiJIUzI1NiIsInR5cCI6IkpXVCJ9.eyJpZCI6ImI5Y2ExOGZmLTE5NjItNGFjNi05OWU5LWY0ZTI5ZGIxZWYwNCIsIm5vbWJyZSI6IkFkbWluUHJvZHVjY2lvbiIsInJvbCI6IlByb2R1Y2Npb24iLCJpYXQiOjE3NzI3MTU0MTYsImV4cCI6MTc3Mjc0NzgxNn0.aFJx5dtKDr4Ii3j1KzoLbG1QOvW6vyxAz2_kgKlbDV0', '172.20.0.1', 'Chrome 145.0.0', 'Windows 10.0.0', 'Other 0.0.0', '2026-03-05 07:56:56', '2026-03-05 07:56:56', '2026-03-05 16:56:56', '2026-03-05 10:40:57', 0),
('ab98ffac-1825-487c-b494-6a74cf0cdb86', 'a44d483e-cfa2-4830-895b-44c1d2c8b3d9', 'eyJhbGciOiJIUzI1NiIsInR5cCI6IkpXVCJ9.eyJpZCI6ImE0NGQ0ODNlLWNmYTItNDgzMC04OTViLTQ0YzFkMmM4YjNkOSIsIm5vbWJyZSI6IkFkbWluRGFzaGJvYXJkIiwicm9sIjoiRGFzaGJvYXJkIiwiaWF0IjoxNzcyNjUzMDkxLCJleHAiOjE3NzI2ODU0OTF9.QuEt0d3zDruNhWft88leMTr7kVlUXoAdzZ6Um7tN6l4', '172.20.0.1', 'Chrome 145.0.0', 'Windows 10.0.0', 'Other 0.0.0', '2026-03-04 14:38:11', '2026-03-04 14:38:11', '2026-03-04 23:38:11', '2026-03-05 07:56:20', 0),
('bf4da5d7-3286-492e-95d8-24a945f49d97', 'a44d483e-cfa2-4830-895b-44c1d2c8b3d9', 'eyJhbGciOiJIUzI1NiIsInR5cCI6IkpXVCJ9.eyJpZCI6ImE0NGQ0ODNlLWNmYTItNDgzMC04OTViLTQ0YzFkMmM4YjNkOSIsIm5vbWJyZSI6IkFkbWluRGFzaGJvYXJkIiwicm9sIjoiRGFzaGJvYXJkIiwiaWF0IjoxNzcyNzE1NTg2LCJleHAiOjE3NzI3NDc5ODZ9.6OdRn3lNXN086j4a6C8nLUzt2M-QdoHJspiAu8GDTZY', '172.20.0.1', 'Chrome 145.0.0', 'Windows 10.0.0', 'Other 0.0.0', '2026-03-05 07:59:46', '2026-03-05 07:59:46', '2026-03-05 16:59:46', '2026-03-05 17:00:20', 0),
('e3166598-6460-4c47-8346-47fd89f2ec48', 'b9ca18ff-1962-4ac6-99e9-f4e29db1ef04', 'eyJhbGciOiJIUzI1NiIsInR5cCI6IkpXVCJ9.eyJpZCI6ImI5Y2ExOGZmLTE5NjItNGFjNi05OWU5LWY0ZTI5ZGIxZWYwNCIsIm5vbWJyZSI6IkFkbWluUHJvZHVjY2lvbiIsInJvbCI6IlByb2R1Y2Npb24iLCJpYXQiOjE3NzI3MjUyNjgsImV4cCI6MTc3Mjc1NzY2OH0.UkEzf_-SxmUIqeqKaxoJYSAFgkoDg6osfX6_fVk0xXY', '172.20.0.1', 'Chrome 145.0.0', 'Windows 10.0.0', 'Other 0.0.0', '2026-03-05 10:41:08', '2026-03-05 10:41:08', '2026-03-05 19:41:08', '2026-03-06 07:53:20', 0);

-- --------------------------------------------------------

--
-- Estructura de tabla para la tabla `usuarios`
--

CREATE TABLE `usuarios` (
  `id` char(36) CHARACTER SET utf8mb4 COLLATE utf8mb4_bin NOT NULL,
  `user_name` varchar(255) COLLATE utf8mb4_unicode_ci NOT NULL,
  `password` varchar(255) COLLATE utf8mb4_unicode_ci NOT NULL,
  `id_rol` tinyint NOT NULL,
  `creado_en` datetime NOT NULL,
  `actualizado_en` datetime NOT NULL,
  `estado` tinyint NOT NULL DEFAULT '1'
) ENGINE=InnoDB DEFAULT CHARSET=utf8mb4 COLLATE=utf8mb4_unicode_ci;

--
-- Volcado de datos para la tabla `usuarios`
--

INSERT INTO `usuarios` (`id`, `user_name`, `password`, `id_rol`, `creado_en`, `actualizado_en`, `estado`) VALUES
('00d7233e-3bc0-40e0-85d3-2c10100f95dd', 'ProductorContenedor', '$2a$12$7IIlbtA3h73kAj.7epXBk.Ul2zQ/xWjWLWxQ8Z1fIWiDECHWBy/0e', 9, '2025-12-09 11:17:51', '2025-12-09 11:17:51', 1),
('0d4c9589-2608-4d80-85b0-31fc237e8d32', 'AdminCorte', '$2a$12$RVY/h7/t.ANytf0eiTwOx.9mzC43wK.FpjIX9PbH58uA.LKv5orOu', 5, '2025-12-09 11:17:51', '2025-12-09 11:17:51', 1),
('39756947-a700-4784-b7ed-505b22d631dd', 'AdminAlistamiento', '$2a$12$Agdt.gYks1J0nJKnvy8U6uYNz9D8SxELlNXgKA5RLRsx5K1I4IbnW', 4, '2025-12-09 11:17:51', '2026-01-26 14:58:00', 1),
('4f5f9f00-877f-41c1-9d3c-f86332820a43', 'AdminCuartos', '$2a$12$7OVWlr2LoYaCzZOVrKPFYe/iie6Yr5OFLrvkXIAGtk2QhEBjkbAeO', 8, '2025-12-09 11:17:51', '2025-12-09 11:17:51', 1),
('a1db69ec-b101-41bf-9de7-fb375ec9ec9b', 'AdminFritura', '$2a$12$Oijq7xPsgK2M/6MNLF9VnuF1BYetm22XoAFuK6cfYtGIJaLC3Ez0O', 6, '2025-12-09 11:17:51', '2025-12-09 11:17:51', 1),
('a44d483e-cfa2-4830-895b-44c1d2c8b3d9', 'AdminDashboard', '$2a$12$MFxgNjqBK2uDIQWb03di7enp8MJv3Melhe.E94nNurdxh6qK0cH9e', 1, '2025-12-09 11:17:51', '2025-12-09 11:17:51', 1),
('b9ca18ff-1962-4ac6-99e9-f4e29db1ef04', 'AdminProduccion', '$2a$12$08AI8vgxjhZ.9CI/QWVt3OCPtUk2bdA7Sob7Qcex066hFgKfbicKG', 2, '2025-12-09 11:17:51', '2025-12-09 11:17:51', 1),
('bb795d57-dae4-4a0f-b373-b4c8d5738c97', 'RecursosHumanos', '$2a$12$yYcE9Ex9RO.HF31vgZu9Ce2JMdN./n.vcs3kcYGJWriJlGrfgxCCS', 12, '2025-12-09 11:17:51', '2025-12-09 11:17:51', 1),
('bc6aa4f9-231e-4553-81c0-ce0ad379120e', 'AdminEmpaque', '$2a$12$QYD8l6CMDfhJv3BbPCcuQOmxSHNU2lk8YHk2GI2f4h1BULrX5rZaa', 7, '2025-12-09 11:17:51', '2026-01-23 14:20:07', 1),
('c12f5686-053b-4ba5-86b4-7eab0ac4427f', 'Gerencia', '$2a$12$gbnjNj/ibDfileaNBULZv.8W3OsXl5eT9sguRI6id03xMcMNpp1RS', 10, '2025-12-09 11:17:51', '2025-12-09 11:17:51', 1),
('c1fede9c-2e3e-4ef2-948d-35d8d5965b83', 'AdminRecepcion', '$2a$12$tJ0c0c2Hloe6VeyRwITxduY3oWQXrRttxC9LVYfotKLxAzBGjxyFK', 3, '2025-12-09 11:17:51', '2025-12-09 11:17:51', 1);

-- --------------------------------------------------------

--
-- Estructura de tabla para la tabla `variables_proveedor_fritura`
--

CREATE TABLE `variables_proveedor_fritura` (
  `id` int NOT NULL,
  `id_proveedor` int NOT NULL,
  `id_proceso` int NOT NULL,
  `lote_produccion` varchar(150) COLLATE utf8mb4_unicode_ci NOT NULL,
  `lote_proveedor` varchar(150) COLLATE utf8mb4_unicode_ci NOT NULL,
  `tipo` varchar(50) COLLATE utf8mb4_unicode_ci NOT NULL,
  `canastas` int NOT NULL,
  `cantidad_kg` float NOT NULL
) ENGINE=InnoDB DEFAULT CHARSET=utf8mb4 COLLATE=utf8mb4_unicode_ci;

--
-- Volcado de datos para la tabla `variables_proveedor_fritura`
--

INSERT INTO `variables_proveedor_fritura` (`id`, `id_proveedor`, `id_proceso`, `lote_produccion`, `lote_proveedor`, `tipo`, `canastas`, `cantidad_kg`) VALUES
(70, 7, 32, 'CA20251118', 'OSC171125CA', 'A', 16, 145),
(71, 7, 32, 'CAF20251118', 'OSC171125CAF', 'AF', 4, 32.2),
(72, 5, 33, 'CA20251118', 'NIC181125CA', 'A', 129, 1206.9),
(73, 5, 33, 'CXL20251118', 'NIC181125CXL', 'XL', 6, 35.2),
(74, 5, 33, 'CAF20251118', 'NIC181125CAF', 'AF', 25, 256.4),
(75, 4, 34, 'CA20251119', 'FRU181125CA', 'A', 56, 530.9),
(76, 4, 34, 'CAF20251119', 'FRU181125CAF', 'AF', 12, 118.3),
(77, 8, 35, 'CA20251121', 'DAN211125CA', 'A', 65, 638.6),
(78, 8, 35, 'CAF20251121', 'DAN211125CAF', 'AF', 8, 86.1),
(79, 6, 36, 'CA20251121', 'JUA211125CA', 'A', 8, 71.2),
(80, 6, 36, 'CAF20251121', 'JUA211125CAF', 'AF', 2, 14.2),
(81, 8, 37, 'CA20251122', 'DAN221125CA', 'A', 8, 110),
(82, 8, 37, 'CAF20251122', 'DAN221125CAF', 'AF', 3, 28),
(83, 13, 38, 'CA20251122', 'MAZ221125CA', 'A', 28, 260),
(84, 13, 38, 'CAF20251122', 'MAZ221125CAF', 'AF', 3, 36.5),
(85, 4, 39, 'CA20251122', 'FRU221125CA', 'A', 7, 68.6),
(86, 4, 39, 'CAF20251122', 'FRU221125CAF', 'AF', 3, 26.1),
(87, 8, 40, 'CA20251122', 'DAN221125CA', 'A', 28, 279.4),
(88, 8, 40, 'CAF20251122', 'DAN221125CAF', 'AF', 11, 120.9),
(89, 5, 41, 'CA20251124', 'NIC241125CA', 'A', 105, 1020.4),
(90, 5, 41, 'CAF20251124', 'NIC241125CAF', 'AF', 24, 240.3),
(91, 5, 41, 'CCIL20251124', 'NIC241125CCIL', 'CIL', 7, 72.4),
(92, 7, 42, 'CAF20251125', 'OSC241125CAF', 'AF', 13, 119.8),
(93, 7, 42, 'CA20251125', 'OSC241125CA', 'A', 37, 354.5),
(94, 10, 43, 'CA20251125', 'ORL251125CA', 'A', 60, 570.7),
(95, 10, 43, 'CAF20251125', 'ORL251125CAF', 'AF', 14, 119),
(96, 10, 43, 'CCIL20251125', 'ORL251125CCIL', 'CIL', 3, 26.8),
(97, 4, 44, 'CA20251126', 'FRU251125CA', 'A', 78, 749),
(98, 4, 44, 'CAF20251126', 'FRU251125CAF', 'AF', 13, 131.8),
(99, 4, 44, 'CCIL20251126', 'FRU251125CCIL', 'CIL', 9, 71.5),
(100, 11, 45, 'CA20251127', 'MAR271125CA', 'A', 101, 968.6),
(101, 11, 45, 'CAF20251127', 'MAR271125CAF', 'AF', 9, 89.7),
(102, 11, 45, 'CCIL20251127', 'MAR271125CCIL', 'CIL', 3, 29.2),
(103, 4, 46, 'CA20251128', 'FRU281125CA', 'A', 21, 203.7),
(104, 4, 46, 'CAF20251128', 'FRU281125CAF', 'AF', 2, 19.4),
(105, 11, 47, 'CA20251128', 'MAR271125CA', 'A', 5, 48.1),
(106, 8, 48, 'CA20251128', 'DAN281125CA', 'A', 76, 756.5),
(107, 8, 48, 'CCIL20251128', 'DAN281125CCIL', 'CIL', 4, 41.2),
(108, 8, 48, 'CAF20251128', 'DAN281125CAF', 'AF', 19, 187.7),
(109, 7, 49, 'CA20251129', 'OSC281125CA', 'A', 4, 39.1),
(110, 7, 49, 'CAF20251129', 'OSC281125CAF', 'AF', 2, 21.6),
(111, 12, 50, 'CA20251129', 'LEA291125CA', 'A', 33, 444.1),
(112, 12, 50, 'CAF20251129', 'LEA291125CAF', 'AF', 6, 88.4),
(113, 12, 50, 'CCIL20251129', 'LEA291125CCIL', 'CIL', 7, 69.5),
(114, 8, 51, 'CA20251129', 'DAN291125CA', 'A', 66, 667.9),
(115, 8, 51, 'CAF20251129', 'DAN291125CAF', 'AF', 5, 52.8),
(116, 8, 51, 'CCIL20251129', 'DAN291125CCIL', 'CIL', 20, 188.3),
(118, 48, 53, 'CA20260219', 'YEI19226CA', 'A', 70, 707.8),
(119, 48, 53, 'CAF20260219', 'YEI19226CAF', 'AF', 8, 85.1),
(120, 31, 54, 'CA20260219', 'GER19226CA', 'A', 105, 1302.9),
(121, 31, 54, 'CAF20260219', 'GER19226CAF', 'AF', 11, 166.5),
(122, 72, 55, 'CXL20260219', 'AGR19226CXL', 'XL', 3, 18.2),
(123, 8, 56, 'CA20260214', 'ASO14226CA', 'A', 14, 129.9),
(124, 8, 56, 'CAF20260214', 'ASO14226CAF', 'AF', 4, 27.6),
(125, 12, 57, 'CA20260214', 'CLA14226CA', 'A', 6, 62.1),
(126, 12, 57, 'CAF20260214', 'CLA14226CAF', 'AF', 2, 15),
(127, 8, 58, 'CA20260214', 'ASO13226CA', 'A', 9, 89.3),
(128, 8, 58, 'CAF20260214', 'ASO13226CAF', 'AF', 2, 18.8),
(129, 8, 59, 'CA20260216', 'ASO14226CA', 'A', 41, 426.5),
(130, 8, 59, 'CAF20260216', 'ASO14226CAF', 'AF', 4, 43.5),
(131, 8, 60, 'CA20260216', 'ASO16226CA', 'A', 21, 194.2),
(132, 8, 60, 'CAF20260216', 'ASO16226CAF', 'AF', 4, 40),
(133, 12, 61, 'CA20260216', 'CLA14226CA', 'A', 31, 317.9),
(134, 12, 61, 'CAF20260216', 'CLA14226CAF', 'AF', 5, 55.2),
(135, 5, 62, 'CA20260216', 'NIC15226CA', 'A', 18, 189),
(136, 5, 62, 'CAF20260216', 'NIC15226CAF', 'AF', 3, 32.5),
(137, 4, 63, 'CAF20260216', 'FRU16226CAF', 'AF', 2, 17.8),
(138, 4, 63, 'CA20260216', 'FRU16226CA', 'A', 11, 120.1),
(139, 72, 64, 'CXL20260216', 'AGR16226CXL', 'XL', 13, 101.4),
(140, 5, 65, 'CA20260217', 'NIC15226CA', 'A', 33, 343.7),
(141, 5, 65, 'CAF20260217', 'NIC15226CAF', 'AF', 4, 36.1),
(142, 69, 66, 'CA20260217', 'FRU17226CA', 'A', 72, 712),
(143, 69, 66, 'CAF20260217', 'FRU17226CAF', 'AF', 9, 100.6),
(144, 39, 67, 'CA20260217', 'YEI17226CA', 'A', 23, 231.1),
(145, 39, 67, 'CAF20260217', 'YEI17226CAF', 'AF', 2, 21.4),
(146, 4, 68, 'CA20260217', 'FRU17226CA', 'A', 18, 183.6),
(147, 4, 68, 'CAF20260217', 'FRU17226CAF', 'AF', 2, 22.2),
(148, 72, 69, 'CXL20260217', 'AGR17226CXL', 'XL', 5, 34.3),
(149, 45, 70, 'CA20260220', 'RIC19226CA', 'A', 17, 161.8),
(150, 45, 70, 'CAF20260220', 'RIC19226CAF', 'AF', 3, 26.5),
(151, 51, 71, 'CA20260220', 'ASO19226CA', 'A', 24, 228.4),
(152, 51, 71, 'CAF20260220', 'ASO19226CAF', 'AF', 3, 35.1),
(153, 8, 72, 'CA20260220', 'ASO20226CA', 'A', 73, 687),
(154, 8, 72, 'CAF20260220', 'ASO20226CAF', 'AF', 9, 90.8),
(155, 74, 73, 'CA20260221', 'FRU20226CA', 'A', 6, 54),
(156, 74, 73, 'CAF20260221', 'FRU20226CAF', 'AF', 2, 17.4),
(157, 73, 74, 'CA20260221', 'FRU20226CA', 'A', 6, 56.3),
(158, 73, 74, 'CAF20260221', 'FRU20226CAF', 'AF', 1, 10),
(159, 31, 75, 'CAF20260221', 'GER21226CAF', 'AF', 6, 59.3),
(160, 31, 75, 'CA20260221', 'GER21226CA', 'A', 44, 423.5),
(161, 8, 76, 'CA20260221', 'ASO21226CA', 'A', 72, 693.1),
(162, 8, 76, 'CAF20260221', 'ASO21226CAF', 'AF', 10, 99.8),
(163, 72, 77, 'CXL20260218', 'AGR18226CXL', 'XL', 2, 9.9),
(164, 39, 78, 'CA20260218', 'YEI18226CA', 'A', 28, 276.6),
(165, 39, 78, 'CAF20260218', 'YEI18226CAF', 'AF', 3, 32.1),
(166, 40, 79, 'CA20260218', 'JHO18226CA', 'A', 84, 834.8),
(167, 40, 79, 'CAF20260218', 'JHO18226CAF', 'AF', 12, 135.8),
(168, 40, 79, 'CCIL20260218', 'JHO18226CCIL', 'CIL', 1, 13.4),
(169, 58, 80, 'CA20260218', 'GLO18226CA', 'A', 23, 232.1),
(170, 58, 80, 'CAF20260218', 'GLO18226CAF', 'AF', 1, 11),
(171, 48, 81, 'CAF20260218', 'YEI18226CAF', 'AF', 1, 11),
(172, 48, 81, 'CA20260218', 'YEI18226CA', 'A', 9, 88.2),
(173, 77, 82, 'CA20260225', 'LUI24226CA', 'A', 5, 70.4),
(174, 77, 82, 'CAF20260225', 'LUI24226CAF', 'AF', 0, 14),
(175, 78, 83, 'CA20260225', 'INV24226CA', 'A', 20, 237),
(176, 78, 83, 'CAF20260225', 'INV24226CAF', 'AF', 1, 19.7),
(177, 8, 84, 'CA20260225', 'ASO25226CA', 'A', 32, 374),
(178, 8, 84, 'CAF20260225', 'ASO25226CAF', 'AF', 4, 63.9),
(179, 65, 85, 'CA20260225', 'YOH25226CA', 'A', 4, 48.2),
(180, 65, 85, 'CAF20260225', 'YOH25226CAF', 'AF', 0, 8.8),
(181, 46, 86, 'CA20260225', 'RAU25226CA', 'A', 59, 639.1),
(182, 46, 86, 'CAF20260225', 'RAU25226CAF', 'AF', 3, 69.9),
(183, 65, 87, 'CA20260226', 'YOH25226CA', 'A', 14, 176.3),
(184, 65, 87, 'CAF20260226', 'YOH25226CAF', 'AF', 1, 30.9),
(185, 57, 88, 'CA20260226', 'GLA25226CA', 'A', 22, 254.9),
(186, 57, 88, 'CAF20260226', 'GLA25226CAF', 'AF', 2, 40.3),
(187, 12, 89, 'CA20260226', 'CLA26226CA', 'A', 20, 254.4),
(188, 12, 89, 'CAF20260226', 'CLA26226CAF', 'AF', 4, 47.9),
(192, 65, 91, 'CA20260226', 'YOH25226CA', 'A', 14, 176.3),
(193, 65, 91, 'CAF20260226', 'YOH25226CAF', 'AF', 1, 30.9),
(194, 57, 92, 'CA20260226', 'GLA25226CA', 'A', 22, 254.9),
(195, 57, 92, 'CAF20260226', 'GLA25226CAF', 'AF', 2, 40.3),
(196, 12, 93, 'CA20260226', 'CLA26226CA', 'A', 20, 254.4),
(197, 12, 93, 'CAF20260226', 'CLA26226CAF', 'AF', 4, 47.9),
(198, 31, 94, 'CA20260226', 'GER26226CA', 'A', 71, 815),
(199, 31, 94, 'CAF20260226', 'GER26226CAF', 'AF', 1, 44.5),
(200, 31, 94, 'CCIL20260226', 'GER26226CCIL', 'CIL', 8, 64.7),
(220, 42, 105, 'CA20260224', 'RIC23226CA', 'A', 6, 70.3),
(221, 42, 105, 'CAF20260224', 'RIC23226CAF', 'AF', 1, 18.6),
(222, 60, 106, 'CA20260224', 'YOS23226CA', 'A', 11, 118.4),
(223, 60, 106, 'CAF20260224', 'YOS23226CAF', 'AF', 1, 18.9),
(224, 75, 107, 'CA20260224', 'FRU23226CA', 'A', 43, 419.2),
(225, 75, 107, 'CAF20260224', 'FRU23226CAF', 'AF', 3, 41.3),
(226, 75, 107, 'CCIL20260224', 'FRU23226CCIL', 'CIL', 4, 34),
(227, 76, 108, 'CA20260224', 'FRU23226CA', 'A', 50, 504.5),
(228, 76, 108, 'CAF20260224', 'FRU23226CAF', 'AF', 0, 28),
(229, 39, 109, 'CA20260224', 'YEI24226CA', 'A', 14, 145.4),
(230, 78, 110, 'CA20260224', 'INV24226CA', 'A', 17, 162.9),
(231, 31, 111, 'CA20260227', 'GER26226CA', 'A', 17, 139.8),
(232, 31, 111, 'CAF20260227', 'GER26226CAF', 'AF', 8, 72.6),
(233, 79, 112, 'CA20260227', 'FAB26226CA', 'A', 38, 282.7),
(234, 79, 112, 'CAF20260227', 'FAB26226CAF', 'AF', 3, 38.4),
(235, 49, 113, 'CA20260227', 'VIC26226CA', 'A', 41, 419.4),
(236, 49, 113, 'CAF20260227', 'VIC26226CAF', 'AF', 2, 50),
(237, 8, 114, 'CA20260227', 'ASO27226CA', 'A', 45, 449.2),
(238, 8, 114, 'CAF20260227', 'ASO27226CAF', 'AF', 9, 91.1),
(239, 39, 115, 'CA20260227', 'YEI27226CA', 'A', 5, 55.4),
(240, 39, 115, 'CAF20260227', 'YEI27226CAF', 'AF', 1, 35.2),
(247, 8, 119, 'CA20260228', 'ASO27226CA', 'A', 22, 280.7),
(248, 8, 119, 'CAF20260228', 'ASO27226CAF', 'AF', 3, 48.2),
(249, 39, 120, 'CA20260227', 'YEI27226CA', 'A', 5, 55.4),
(250, 39, 120, 'CAF20260227', 'YEI27226CAF', 'AF', 1, 35.2),
(251, 74, 121, 'CA20260228', 'FRU27226CA', 'A', 3, 42.7),
(252, 74, 121, 'CAF20260228', 'FRU27226CAF', 'AF', 0, 9.4),
(253, 8, 122, 'CA20260228', 'ASO28226CA', 'A', 42, 520),
(254, 8, 122, 'CCIL20260228', 'ASO28226CCIL', 'CIL', 20, 236),
(255, 5, 123, 'CA20260302', 'NIC2326CA', 'A', 84, 979.7),
(256, 5, 123, 'CAF20260302', 'NIC2326CAF', 'AF', 7, 139.2),
(257, 5, 123, 'CCIL20260302', 'NIC2326CCIL', 'CIL', 2, 15.5),
(258, 5, 124, 'CA20260302', 'NIC2326CA', 'A', 84, 979.7),
(259, 5, 124, 'CAF20260302', 'NIC2326CAF', 'AF', 7, 139.2),
(260, 5, 124, 'CCIL20260302', 'NIC2326CCIL', 'CIL', 2, 15.5),
(261, 27, 125, 'CA20260303', 'DAN2326CA', 'A', 30, 401.7),
(262, 27, 125, 'CAF20260303', 'DAN2326CAF', 'AF', 3, 42.9),
(263, 27, 125, 'CCIL20260303', 'DAN2326CCIL', 'CIL', 0, 12),
(264, 12, 126, 'CA20260303', 'CLA3326CA', 'A', 24, 292.8),
(265, 12, 126, 'CAF20260303', 'CLA3326CAF', 'AF', 2, 33.9),
(266, 12, 126, 'CCIL20260303', 'CLA3326CCIL', 'CIL', 1, 21.7),
(267, 80, 127, 'CA20260303', 'FRU2326CA', 'A', 24, 334.8),
(268, 80, 127, 'CAF20260303', 'FRU2326CAF', 'AF', 2, 31.5),
(269, 80, 127, 'CCIL20260303', 'FRU2326CCIL', 'CIL', 8, 112.6);

-- --------------------------------------------------------

--
-- Estructura de tabla para la tabla `verificaciones_empaque`
--

CREATE TABLE `verificaciones_empaque` (
  `id` int NOT NULL,
  `fecha_verificacion` datetime NOT NULL,
  `id_responsable` char(36) CHARACTER SET utf8mb4 COLLATE utf8mb4_bin NOT NULL,
  `estado` tinyint NOT NULL DEFAULT '1',
  `observaciones` text COLLATE utf8mb4_unicode_ci
) ENGINE=InnoDB DEFAULT CHARSET=utf8mb4 COLLATE=utf8mb4_unicode_ci;

-- --------------------------------------------------------

--
-- Estructura de tabla para la tabla `verificacion_peso_empaque`
--

CREATE TABLE `verificacion_peso_empaque` (
  `id` int NOT NULL,
  `lote_empaque` varchar(50) COLLATE utf8mb4_unicode_ci NOT NULL,
  `tipo_caja` varchar(50) COLLATE utf8mb4_unicode_ci DEFAULT NULL,
  `peso_caja` float NOT NULL,
  `id_verificacion` int NOT NULL
) ENGINE=InnoDB DEFAULT CHARSET=utf8mb4 COLLATE=utf8mb4_unicode_ci;

-- --------------------------------------------------------

--
-- Estructura de tabla para la tabla `verificacion_peso_paquete`
--

CREATE TABLE `verificacion_peso_paquete` (
  `id` int NOT NULL,
  `lote_produccion` varchar(50) COLLATE utf8mb4_unicode_ci NOT NULL,
  `tipo_paquete` varchar(50) COLLATE utf8mb4_unicode_ci DEFAULT NULL,
  `peso_paquete` float NOT NULL,
  `id_verificacion` int NOT NULL
) ENGINE=InnoDB DEFAULT CHARSET=utf8mb4 COLLATE=utf8mb4_unicode_ci;

--
-- Índices para tablas volcadas
--

--
-- Indices de la tabla `alistamiento_has_proveedor`
--
ALTER TABLE `alistamiento_has_proveedor`
  ADD PRIMARY KEY (`id`),
  ADD KEY `id_alistamiento` (`id_alistamiento`),
  ADD KEY `id_proveedor` (`id_proveedor`);

--
-- Indices de la tabla `bodega`
--
ALTER TABLE `bodega`
  ADD PRIMARY KEY (`id`);

--
-- Indices de la tabla `caja_produccion`
--
ALTER TABLE `caja_produccion`
  ADD PRIMARY KEY (`id`),
  ADD KEY `id_produccion` (`id_produccion`);

--
-- Indices de la tabla `clientes`
--
ALTER TABLE `clientes`
  ADD PRIMARY KEY (`id`);

--
-- Indices de la tabla `configuracion_aplicacion`
--
ALTER TABLE `configuracion_aplicacion`
  ADD PRIMARY KEY (`id`),
  ADD KEY `orden_actual` (`orden_actual`);

--
-- Indices de la tabla `cuartos_produccion`
--
ALTER TABLE `cuartos_produccion`
  ADD PRIMARY KEY (`id`);

--
-- Indices de la tabla `defectos_recepcion`
--
ALTER TABLE `defectos_recepcion`
  ADD PRIMARY KEY (`id`),
  ADD KEY `id_recepcion` (`id_recepcion`);

--
-- Indices de la tabla `detalle_alistamiento`
--
ALTER TABLE `detalle_alistamiento`
  ADD PRIMARY KEY (`id`),
  ADD KEY `id_pelador` (`id_pelador`),
  ADD KEY `id_alistamiento` (`id_alistamiento`);

--
-- Indices de la tabla `detalle_caja_empaque`
--
ALTER TABLE `detalle_caja_empaque`
  ADD PRIMARY KEY (`id`),
  ADD KEY `id_empaque` (`id_empaque`);

--
-- Indices de la tabla `detalle_corte`
--
ALTER TABLE `detalle_corte`
  ADD PRIMARY KEY (`id`),
  ADD KEY `id_corte` (`id_corte`),
  ADD KEY `id_proveedor` (`id_proveedor`);

--
-- Indices de la tabla `detalle_empaque`
--
ALTER TABLE `detalle_empaque`
  ADD PRIMARY KEY (`id`),
  ADD KEY `id_empaque` (`id_empaque`);

--
-- Indices de la tabla `detalle_fritura_proveedor`
--
ALTER TABLE `detalle_fritura_proveedor`
  ADD PRIMARY KEY (`id`),
  ADD KEY `id_fritura` (`id_fritura`),
  ADD KEY `id_proceso` (`id_proceso`);

--
-- Indices de la tabla `detalle_proveedor_fritura`
--
ALTER TABLE `detalle_proveedor_fritura`
  ADD PRIMARY KEY (`id`),
  ADD KEY `id_fritura` (`id_fritura`),
  ADD KEY `id_proveedor` (`id_proveedor`);

--
-- Indices de la tabla `detalle_recepcion_pesaje`
--
ALTER TABLE `detalle_recepcion_pesaje`
  ADD PRIMARY KEY (`id`),
  ADD KEY `id_recepcion` (`id_recepcion`);

--
-- Indices de la tabla `detalle_temperatura`
--
ALTER TABLE `detalle_temperatura`
  ADD PRIMARY KEY (`id`),
  ADD KEY `id_responsable` (`id_responsable`),
  ADD KEY `id_cuarto` (`id_cuarto`),
  ADD KEY `id_registro` (`id_registro`);

--
-- Indices de la tabla `empleados`
--
ALTER TABLE `empleados`
  ADD PRIMARY KEY (`id`),
  ADD UNIQUE KEY `identificacion` (`identificacion`),
  ADD UNIQUE KEY `correo` (`correo`),
  ADD KEY `id_rol` (`id_rol`);

--
-- Indices de la tabla `historial_envios`
--
ALTER TABLE `historial_envios`
  ADD PRIMARY KEY (`id`),
  ADD KEY `idx_orden` (`orden`),
  ADD KEY `idx_fecha` (`fecha`);

--
-- Indices de la tabla `historial_sobrantes`
--
ALTER TABLE `historial_sobrantes`
  ADD PRIMARY KEY (`id`),
  ADD KEY `idx_orden` (`orden`),
  ADD KEY `idx_fecha` (`fecha`);

--
-- Indices de la tabla `inventario_insumo`
--
ALTER TABLE `inventario_insumo`
  ADD PRIMARY KEY (`id`),
  ADD KEY `id_proveedor` (`id_proveedor`);

--
-- Indices de la tabla `inventario_materia_prima`
--
ALTER TABLE `inventario_materia_prima`
  ADD PRIMARY KEY (`id`),
  ADD KEY `id_proveedor` (`id_proveedor`);

--
-- Indices de la tabla `inventario_platano_maduro`
--
ALTER TABLE `inventario_platano_maduro`
  ADD PRIMARY KEY (`id`),
  ADD KEY `id_proveedor` (`id_proveedor`);

--
-- Indices de la tabla `lotes_fritura`
--
ALTER TABLE `lotes_fritura`
  ADD PRIMARY KEY (`id`),
  ADD KEY `id_fritura` (`id_fritura`);

--
-- Indices de la tabla `ordenes_produccion`
--
ALTER TABLE `ordenes_produccion`
  ADD PRIMARY KEY (`id`),
  ADD KEY `id_cliente` (`id_cliente`),
  ADD KEY `id_elaboracion` (`id_elaboracion`),
  ADD KEY `id_notificacion` (`id_notificacion`),
  ADD KEY `id_autorizacion` (`id_autorizacion`);

--
-- Indices de la tabla `producciones`
--
ALTER TABLE `producciones`
  ADD PRIMARY KEY (`id`),
  ADD UNIQUE KEY `lote_produccion` (`lote_produccion`),
  ADD KEY `id_responsable` (`id_responsable`);

--
-- Indices de la tabla `proveedores_insumos`
--
ALTER TABLE `proveedores_insumos`
  ADD PRIMARY KEY (`id`),
  ADD UNIQUE KEY `identificacion` (`identificacion`);

--
-- Indices de la tabla `proveedores_materia_prima`
--
ALTER TABLE `proveedores_materia_prima`
  ADD PRIMARY KEY (`id`),
  ADD UNIQUE KEY `identificacion` (`identificacion`);

--
-- Indices de la tabla `proveedor_has_corte`
--
ALTER TABLE `proveedor_has_corte`
  ADD PRIMARY KEY (`id`),
  ADD KEY `id_corte` (`id_corte`),
  ADD KEY `id_proveedor` (`id_proveedor`);

--
-- Indices de la tabla `proveedor_has_empaque`
--
ALTER TABLE `proveedor_has_empaque`
  ADD PRIMARY KEY (`id`),
  ADD KEY `id_empaque` (`id_empaque`),
  ADD KEY `id_proveedor` (`id_proveedor`);

--
-- Indices de la tabla `referencias_platano`
--
ALTER TABLE `referencias_platano`
  ADD PRIMARY KEY (`id`);

--
-- Indices de la tabla `registro_alistamiento`
--
ALTER TABLE `registro_alistamiento`
  ADD PRIMARY KEY (`id`),
  ADD KEY `orden` (`orden`),
  ADD KEY `id_responsable` (`id_responsable`);

--
-- Indices de la tabla `registro_area_corte`
--
ALTER TABLE `registro_area_corte`
  ADD PRIMARY KEY (`id`),
  ADD KEY `id_responsable` (`id_responsable`),
  ADD KEY `orden` (`orden`);

--
-- Indices de la tabla `registro_area_empaque`
--
ALTER TABLE `registro_area_empaque`
  ADD PRIMARY KEY (`id`),
  ADD KEY `id_responsable` (`id_responsable`),
  ADD KEY `orden` (`orden`);

--
-- Indices de la tabla `registro_area_fritura`
--
ALTER TABLE `registro_area_fritura`
  ADD PRIMARY KEY (`id`),
  ADD KEY `orden` (`orden`),
  ADD KEY `id_responsable` (`id_responsable`);

--
-- Indices de la tabla `registro_insumo`
--
ALTER TABLE `registro_insumo`
  ADD PRIMARY KEY (`id`),
  ADD KEY `id_proveedor` (`id_proveedor`),
  ADD KEY `id_responsable` (`id_responsable`);

--
-- Indices de la tabla `registro_recepcion_materia_prima`
--
ALTER TABLE `registro_recepcion_materia_prima`
  ADD PRIMARY KEY (`id`),
  ADD KEY `id_proveedor` (`id_proveedor`),
  ADD KEY `id_responsable` (`id_responsable`),
  ADD KEY `orden` (`orden`);

--
-- Indices de la tabla `registro_recepcion_materia_prima_pesaje`
--
ALTER TABLE `registro_recepcion_materia_prima_pesaje`
  ADD PRIMARY KEY (`id`),
  ADD KEY `id_proveedor` (`id_proveedor`),
  ADD KEY `id_responsable` (`id_responsable`),
  ADD KEY `orden` (`orden`);

--
-- Indices de la tabla `registro_temperatura`
--
ALTER TABLE `registro_temperatura`
  ADD PRIMARY KEY (`id`);

--
-- Indices de la tabla `roles`
--
ALTER TABLE `roles`
  ADD PRIMARY KEY (`id`);

--
-- Indices de la tabla `sesiones_usuarios`
--
ALTER TABLE `sesiones_usuarios`
  ADD PRIMARY KEY (`id`),
  ADD KEY `id_usuario` (`id_usuario`);

--
-- Indices de la tabla `usuarios`
--
ALTER TABLE `usuarios`
  ADD PRIMARY KEY (`id`),
  ADD KEY `id_rol` (`id_rol`);

--
-- Indices de la tabla `variables_proveedor_fritura`
--
ALTER TABLE `variables_proveedor_fritura`
  ADD PRIMARY KEY (`id`),
  ADD KEY `id_proceso` (`id_proceso`);

--
-- Indices de la tabla `verificaciones_empaque`
--
ALTER TABLE `verificaciones_empaque`
  ADD PRIMARY KEY (`id`),
  ADD KEY `id_responsable` (`id_responsable`);

--
-- Indices de la tabla `verificacion_peso_empaque`
--
ALTER TABLE `verificacion_peso_empaque`
  ADD PRIMARY KEY (`id`),
  ADD KEY `id_verificacion` (`id_verificacion`);

--
-- Indices de la tabla `verificacion_peso_paquete`
--
ALTER TABLE `verificacion_peso_paquete`
  ADD PRIMARY KEY (`id`),
  ADD KEY `id_verificacion` (`id_verificacion`);

--
-- AUTO_INCREMENT de las tablas volcadas
--

--
-- AUTO_INCREMENT de la tabla `alistamiento_has_proveedor`
--
ALTER TABLE `alistamiento_has_proveedor`
  MODIFY `id` int NOT NULL AUTO_INCREMENT, AUTO_INCREMENT=188;

--
-- AUTO_INCREMENT de la tabla `bodega`
--
ALTER TABLE `bodega`
  MODIFY `id` int NOT NULL AUTO_INCREMENT, AUTO_INCREMENT=47;

--
-- AUTO_INCREMENT de la tabla `caja_produccion`
--
ALTER TABLE `caja_produccion`
  MODIFY `id` int NOT NULL AUTO_INCREMENT, AUTO_INCREMENT=52;

--
-- AUTO_INCREMENT de la tabla `clientes`
--
ALTER TABLE `clientes`
  MODIFY `id` int NOT NULL AUTO_INCREMENT, AUTO_INCREMENT=3;

--
-- AUTO_INCREMENT de la tabla `configuracion_aplicacion`
--
ALTER TABLE `configuracion_aplicacion`
  MODIFY `id` int NOT NULL AUTO_INCREMENT, AUTO_INCREMENT=2;

--
-- AUTO_INCREMENT de la tabla `cuartos_produccion`
--
ALTER TABLE `cuartos_produccion`
  MODIFY `id` int NOT NULL AUTO_INCREMENT, AUTO_INCREMENT=7;

--
-- AUTO_INCREMENT de la tabla `defectos_recepcion`
--
ALTER TABLE `defectos_recepcion`
  MODIFY `id` int NOT NULL AUTO_INCREMENT, AUTO_INCREMENT=28;

--
-- AUTO_INCREMENT de la tabla `detalle_alistamiento`
--
ALTER TABLE `detalle_alistamiento`
  MODIFY `id` int NOT NULL AUTO_INCREMENT, AUTO_INCREMENT=854;

--
-- AUTO_INCREMENT de la tabla `detalle_caja_empaque`
--
ALTER TABLE `detalle_caja_empaque`
  MODIFY `id` int NOT NULL AUTO_INCREMENT, AUTO_INCREMENT=93;

--
-- AUTO_INCREMENT de la tabla `detalle_corte`
--
ALTER TABLE `detalle_corte`
  MODIFY `id` int NOT NULL AUTO_INCREMENT, AUTO_INCREMENT=314;

--
-- AUTO_INCREMENT de la tabla `detalle_empaque`
--
ALTER TABLE `detalle_empaque`
  MODIFY `id` int NOT NULL AUTO_INCREMENT, AUTO_INCREMENT=112;

--
-- AUTO_INCREMENT de la tabla `detalle_fritura_proveedor`
--
ALTER TABLE `detalle_fritura_proveedor`
  MODIFY `id` int NOT NULL AUTO_INCREMENT, AUTO_INCREMENT=725;

--
-- AUTO_INCREMENT de la tabla `detalle_proveedor_fritura`
--
ALTER TABLE `detalle_proveedor_fritura`
  MODIFY `id` int NOT NULL AUTO_INCREMENT, AUTO_INCREMENT=128;

--
-- AUTO_INCREMENT de la tabla `detalle_recepcion_pesaje`
--
ALTER TABLE `detalle_recepcion_pesaje`
  MODIFY `id` int NOT NULL AUTO_INCREMENT, AUTO_INCREMENT=521;

--
-- AUTO_INCREMENT de la tabla `detalle_temperatura`
--
ALTER TABLE `detalle_temperatura`
  MODIFY `id` int NOT NULL AUTO_INCREMENT, AUTO_INCREMENT=8;

--
-- AUTO_INCREMENT de la tabla `historial_envios`
--
ALTER TABLE `historial_envios`
  MODIFY `id` int NOT NULL AUTO_INCREMENT, AUTO_INCREMENT=11;

--
-- AUTO_INCREMENT de la tabla `historial_sobrantes`
--
ALTER TABLE `historial_sobrantes`
  MODIFY `id` int NOT NULL AUTO_INCREMENT, AUTO_INCREMENT=6;

--
-- AUTO_INCREMENT de la tabla `inventario_insumo`
--
ALTER TABLE `inventario_insumo`
  MODIFY `id` int NOT NULL AUTO_INCREMENT, AUTO_INCREMENT=17;

--
-- AUTO_INCREMENT de la tabla `inventario_materia_prima`
--
ALTER TABLE `inventario_materia_prima`
  MODIFY `id` int NOT NULL AUTO_INCREMENT, AUTO_INCREMENT=142;

--
-- AUTO_INCREMENT de la tabla `inventario_platano_maduro`
--
ALTER TABLE `inventario_platano_maduro`
  MODIFY `id` int NOT NULL AUTO_INCREMENT, AUTO_INCREMENT=94;

--
-- AUTO_INCREMENT de la tabla `lotes_fritura`
--
ALTER TABLE `lotes_fritura`
  MODIFY `id` int NOT NULL AUTO_INCREMENT, AUTO_INCREMENT=124;

--
-- AUTO_INCREMENT de la tabla `ordenes_produccion`
--
ALTER TABLE `ordenes_produccion`
  MODIFY `id` int NOT NULL AUTO_INCREMENT, AUTO_INCREMENT=2;

--
-- AUTO_INCREMENT de la tabla `producciones`
--
ALTER TABLE `producciones`
  MODIFY `id` int NOT NULL AUTO_INCREMENT, AUTO_INCREMENT=35;

--
-- AUTO_INCREMENT de la tabla `proveedores_insumos`
--
ALTER TABLE `proveedores_insumos`
  MODIFY `id` int NOT NULL AUTO_INCREMENT, AUTO_INCREMENT=2;

--
-- AUTO_INCREMENT de la tabla `proveedores_materia_prima`
--
ALTER TABLE `proveedores_materia_prima`
  MODIFY `id` int NOT NULL AUTO_INCREMENT, AUTO_INCREMENT=81;

--
-- AUTO_INCREMENT de la tabla `proveedor_has_corte`
--
ALTER TABLE `proveedor_has_corte`
  MODIFY `id` int NOT NULL AUTO_INCREMENT, AUTO_INCREMENT=145;

--
-- AUTO_INCREMENT de la tabla `proveedor_has_empaque`
--
ALTER TABLE `proveedor_has_empaque`
  MODIFY `id` int NOT NULL AUTO_INCREMENT, AUTO_INCREMENT=171;

--
-- AUTO_INCREMENT de la tabla `referencias_platano`
--
ALTER TABLE `referencias_platano`
  MODIFY `id` int NOT NULL AUTO_INCREMENT, AUTO_INCREMENT=9;

--
-- AUTO_INCREMENT de la tabla `registro_alistamiento`
--
ALTER TABLE `registro_alistamiento`
  MODIFY `id` int NOT NULL AUTO_INCREMENT, AUTO_INCREMENT=67;

--
-- AUTO_INCREMENT de la tabla `registro_area_corte`
--
ALTER TABLE `registro_area_corte`
  MODIFY `id` int NOT NULL AUTO_INCREMENT, AUTO_INCREMENT=68;

--
-- AUTO_INCREMENT de la tabla `registro_area_empaque`
--
ALTER TABLE `registro_area_empaque`
  MODIFY `id` int NOT NULL AUTO_INCREMENT, AUTO_INCREMENT=50;

--
-- AUTO_INCREMENT de la tabla `registro_area_fritura`
--
ALTER TABLE `registro_area_fritura`
  MODIFY `id` int NOT NULL AUTO_INCREMENT, AUTO_INCREMENT=49;

--
-- AUTO_INCREMENT de la tabla `registro_insumo`
--
ALTER TABLE `registro_insumo`
  MODIFY `id` int NOT NULL AUTO_INCREMENT, AUTO_INCREMENT=3;

--
-- AUTO_INCREMENT de la tabla `registro_recepcion_materia_prima`
--
ALTER TABLE `registro_recepcion_materia_prima`
  MODIFY `id` int NOT NULL AUTO_INCREMENT, AUTO_INCREMENT=151;

--
-- AUTO_INCREMENT de la tabla `registro_recepcion_materia_prima_pesaje`
--
ALTER TABLE `registro_recepcion_materia_prima_pesaje`
  MODIFY `id` int NOT NULL AUTO_INCREMENT, AUTO_INCREMENT=55;

--
-- AUTO_INCREMENT de la tabla `registro_temperatura`
--
ALTER TABLE `registro_temperatura`
  MODIFY `id` int NOT NULL AUTO_INCREMENT, AUTO_INCREMENT=3;

--
-- AUTO_INCREMENT de la tabla `roles`
--
ALTER TABLE `roles`
  MODIFY `id` tinyint NOT NULL AUTO_INCREMENT, AUTO_INCREMENT=24;

--
-- AUTO_INCREMENT de la tabla `variables_proveedor_fritura`
--
ALTER TABLE `variables_proveedor_fritura`
  MODIFY `id` int NOT NULL AUTO_INCREMENT, AUTO_INCREMENT=270;

--
-- AUTO_INCREMENT de la tabla `verificaciones_empaque`
--
ALTER TABLE `verificaciones_empaque`
  MODIFY `id` int NOT NULL AUTO_INCREMENT, AUTO_INCREMENT=19;

--
-- AUTO_INCREMENT de la tabla `verificacion_peso_empaque`
--
ALTER TABLE `verificacion_peso_empaque`
  MODIFY `id` int NOT NULL AUTO_INCREMENT, AUTO_INCREMENT=21;

--
-- AUTO_INCREMENT de la tabla `verificacion_peso_paquete`
--
ALTER TABLE `verificacion_peso_paquete`
  MODIFY `id` int NOT NULL AUTO_INCREMENT, AUTO_INCREMENT=30;

--
-- Restricciones para tablas volcadas
--

--
-- Filtros para la tabla `alistamiento_has_proveedor`
--
ALTER TABLE `alistamiento_has_proveedor`
  ADD CONSTRAINT `alistamiento_has_proveedor_ibfk_1` FOREIGN KEY (`id_alistamiento`) REFERENCES `registro_alistamiento` (`id`) ON UPDATE CASCADE,
  ADD CONSTRAINT `alistamiento_has_proveedor_ibfk_2` FOREIGN KEY (`id_proveedor`) REFERENCES `proveedores_materia_prima` (`id`) ON UPDATE CASCADE;

--
-- Filtros para la tabla `caja_produccion`
--
ALTER TABLE `caja_produccion`
  ADD CONSTRAINT `caja_produccion_ibfk_1` FOREIGN KEY (`id_produccion`) REFERENCES `producciones` (`id`) ON UPDATE CASCADE;

--
-- Filtros para la tabla `configuracion_aplicacion`
--
ALTER TABLE `configuracion_aplicacion`
  ADD CONSTRAINT `configuracion_aplicacion_ibfk_1` FOREIGN KEY (`orden_actual`) REFERENCES `producciones` (`id`) ON UPDATE CASCADE;

--
-- Filtros para la tabla `defectos_recepcion`
--
ALTER TABLE `defectos_recepcion`
  ADD CONSTRAINT `defectos_recepcion_ibfk_1` FOREIGN KEY (`id_recepcion`) REFERENCES `registro_recepcion_materia_prima` (`id`) ON UPDATE CASCADE;

--
-- Filtros para la tabla `detalle_alistamiento`
--
ALTER TABLE `detalle_alistamiento`
  ADD CONSTRAINT `detalle_alistamiento_ibfk_1` FOREIGN KEY (`id_pelador`) REFERENCES `empleados` (`id`) ON UPDATE CASCADE,
  ADD CONSTRAINT `detalle_alistamiento_ibfk_2` FOREIGN KEY (`id_alistamiento`) REFERENCES `registro_alistamiento` (`id`);

--
-- Filtros para la tabla `detalle_caja_empaque`
--
ALTER TABLE `detalle_caja_empaque`
  ADD CONSTRAINT `detalle_caja_empaque_ibfk_1` FOREIGN KEY (`id_empaque`) REFERENCES `registro_area_empaque` (`id`) ON UPDATE CASCADE;

--
-- Filtros para la tabla `detalle_corte`
--
ALTER TABLE `detalle_corte`
  ADD CONSTRAINT `detalle_corte_ibfk_1` FOREIGN KEY (`id_corte`) REFERENCES `registro_area_corte` (`id`),
  ADD CONSTRAINT `detalle_corte_ibfk_2` FOREIGN KEY (`id_proveedor`) REFERENCES `proveedores_materia_prima` (`id`) ON UPDATE CASCADE;

--
-- Filtros para la tabla `detalle_empaque`
--
ALTER TABLE `detalle_empaque`
  ADD CONSTRAINT `detalle_empaque_ibfk_1` FOREIGN KEY (`id_empaque`) REFERENCES `registro_area_empaque` (`id`) ON UPDATE CASCADE;

--
-- Filtros para la tabla `detalle_fritura_proveedor`
--
ALTER TABLE `detalle_fritura_proveedor`
  ADD CONSTRAINT `detalle_fritura_proveedor_ibfk_1` FOREIGN KEY (`id_fritura`) REFERENCES `registro_area_fritura` (`id`) ON UPDATE CASCADE,
  ADD CONSTRAINT `detalle_fritura_proveedor_ibfk_2` FOREIGN KEY (`id_proceso`) REFERENCES `detalle_proveedor_fritura` (`id`) ON UPDATE CASCADE;

--
-- Filtros para la tabla `detalle_proveedor_fritura`
--
ALTER TABLE `detalle_proveedor_fritura`
  ADD CONSTRAINT `detalle_proveedor_fritura_ibfk_1` FOREIGN KEY (`id_fritura`) REFERENCES `registro_area_fritura` (`id`) ON UPDATE CASCADE,
  ADD CONSTRAINT `detalle_proveedor_fritura_ibfk_2` FOREIGN KEY (`id_proveedor`) REFERENCES `proveedores_materia_prima` (`id`) ON UPDATE CASCADE;

--
-- Filtros para la tabla `detalle_recepcion_pesaje`
--
ALTER TABLE `detalle_recepcion_pesaje`
  ADD CONSTRAINT `detalle_recepcion_pesaje_ibfk_1` FOREIGN KEY (`id_recepcion`) REFERENCES `registro_recepcion_materia_prima_pesaje` (`id`);

--
-- Filtros para la tabla `detalle_temperatura`
--
ALTER TABLE `detalle_temperatura`
  ADD CONSTRAINT `detalle_temperatura_ibfk_1` FOREIGN KEY (`id_responsable`) REFERENCES `empleados` (`id`) ON UPDATE CASCADE,
  ADD CONSTRAINT `detalle_temperatura_ibfk_2` FOREIGN KEY (`id_cuarto`) REFERENCES `cuartos_produccion` (`id`) ON UPDATE CASCADE,
  ADD CONSTRAINT `detalle_temperatura_ibfk_3` FOREIGN KEY (`id_registro`) REFERENCES `registro_temperatura` (`id`) ON UPDATE CASCADE;

--
-- Filtros para la tabla `empleados`
--
ALTER TABLE `empleados`
  ADD CONSTRAINT `empleados_ibfk_1` FOREIGN KEY (`id_rol`) REFERENCES `roles` (`id`) ON DELETE CASCADE ON UPDATE CASCADE;

--
-- Filtros para la tabla `inventario_insumo`
--
ALTER TABLE `inventario_insumo`
  ADD CONSTRAINT `inventario_insumo_ibfk_1` FOREIGN KEY (`id_proveedor`) REFERENCES `proveedores_insumos` (`id`) ON UPDATE CASCADE;

--
-- Filtros para la tabla `inventario_materia_prima`
--
ALTER TABLE `inventario_materia_prima`
  ADD CONSTRAINT `inventario_materia_prima_ibfk_1` FOREIGN KEY (`id_proveedor`) REFERENCES `proveedores_materia_prima` (`id`) ON DELETE CASCADE ON UPDATE CASCADE;

--
-- Filtros para la tabla `inventario_platano_maduro`
--
ALTER TABLE `inventario_platano_maduro`
  ADD CONSTRAINT `inventario_platano_maduro_ibfk_1` FOREIGN KEY (`id_proveedor`) REFERENCES `proveedores_materia_prima` (`id`) ON DELETE CASCADE ON UPDATE CASCADE;

--
-- Filtros para la tabla `lotes_fritura`
--
ALTER TABLE `lotes_fritura`
  ADD CONSTRAINT `lotes_fritura_ibfk_1` FOREIGN KEY (`id_fritura`) REFERENCES `registro_area_fritura` (`id`) ON UPDATE CASCADE;

--
-- Filtros para la tabla `ordenes_produccion`
--
ALTER TABLE `ordenes_produccion`
  ADD CONSTRAINT `ordenes_produccion_ibfk_1` FOREIGN KEY (`id_cliente`) REFERENCES `clientes` (`id`) ON DELETE CASCADE ON UPDATE CASCADE,
  ADD CONSTRAINT `ordenes_produccion_ibfk_2` FOREIGN KEY (`id_elaboracion`) REFERENCES `empleados` (`id`) ON DELETE CASCADE ON UPDATE CASCADE,
  ADD CONSTRAINT `ordenes_produccion_ibfk_3` FOREIGN KEY (`id_notificacion`) REFERENCES `empleados` (`id`) ON DELETE CASCADE ON UPDATE CASCADE,
  ADD CONSTRAINT `ordenes_produccion_ibfk_4` FOREIGN KEY (`id_autorizacion`) REFERENCES `empleados` (`id`) ON DELETE CASCADE ON UPDATE CASCADE;

--
-- Filtros para la tabla `producciones`
--
ALTER TABLE `producciones`
  ADD CONSTRAINT `producciones_ibfk_1` FOREIGN KEY (`id_responsable`) REFERENCES `empleados` (`id`) ON UPDATE CASCADE;

--
-- Filtros para la tabla `proveedor_has_corte`
--
ALTER TABLE `proveedor_has_corte`
  ADD CONSTRAINT `proveedor_has_corte_ibfk_1` FOREIGN KEY (`id_corte`) REFERENCES `registro_area_corte` (`id`),
  ADD CONSTRAINT `proveedor_has_corte_ibfk_2` FOREIGN KEY (`id_proveedor`) REFERENCES `proveedores_materia_prima` (`id`) ON UPDATE CASCADE;

--
-- Filtros para la tabla `proveedor_has_empaque`
--
ALTER TABLE `proveedor_has_empaque`
  ADD CONSTRAINT `proveedor_has_empaque_ibfk_1` FOREIGN KEY (`id_empaque`) REFERENCES `registro_area_empaque` (`id`) ON UPDATE CASCADE,
  ADD CONSTRAINT `proveedor_has_empaque_ibfk_2` FOREIGN KEY (`id_proveedor`) REFERENCES `proveedores_materia_prima` (`id`) ON UPDATE CASCADE;

--
-- Filtros para la tabla `registro_alistamiento`
--
ALTER TABLE `registro_alistamiento`
  ADD CONSTRAINT `registro_alistamiento_ibfk_1` FOREIGN KEY (`orden`) REFERENCES `producciones` (`id`),
  ADD CONSTRAINT `registro_alistamiento_ibfk_2` FOREIGN KEY (`id_responsable`) REFERENCES `empleados` (`id`) ON DELETE CASCADE ON UPDATE CASCADE;

--
-- Filtros para la tabla `registro_area_corte`
--
ALTER TABLE `registro_area_corte`
  ADD CONSTRAINT `registro_area_corte_ibfk_1` FOREIGN KEY (`id_responsable`) REFERENCES `empleados` (`id`) ON DELETE CASCADE ON UPDATE CASCADE,
  ADD CONSTRAINT `registro_area_corte_ibfk_2` FOREIGN KEY (`orden`) REFERENCES `producciones` (`id`);

--
-- Filtros para la tabla `registro_area_empaque`
--
ALTER TABLE `registro_area_empaque`
  ADD CONSTRAINT `registro_area_empaque_ibfk_1` FOREIGN KEY (`id_responsable`) REFERENCES `empleados` (`id`) ON DELETE CASCADE ON UPDATE CASCADE,
  ADD CONSTRAINT `registro_area_empaque_ibfk_2` FOREIGN KEY (`orden`) REFERENCES `producciones` (`id`);

--
-- Filtros para la tabla `registro_area_fritura`
--
ALTER TABLE `registro_area_fritura`
  ADD CONSTRAINT `registro_area_fritura_ibfk_1` FOREIGN KEY (`orden`) REFERENCES `producciones` (`id`),
  ADD CONSTRAINT `registro_area_fritura_ibfk_2` FOREIGN KEY (`id_responsable`) REFERENCES `empleados` (`id`) ON DELETE CASCADE ON UPDATE CASCADE;

--
-- Filtros para la tabla `registro_insumo`
--
ALTER TABLE `registro_insumo`
  ADD CONSTRAINT `registro_insumo_ibfk_1` FOREIGN KEY (`id_proveedor`) REFERENCES `proveedores_insumos` (`id`) ON UPDATE CASCADE,
  ADD CONSTRAINT `registro_insumo_ibfk_2` FOREIGN KEY (`id_responsable`) REFERENCES `empleados` (`id`) ON UPDATE CASCADE;

--
-- Filtros para la tabla `registro_recepcion_materia_prima`
--
ALTER TABLE `registro_recepcion_materia_prima`
  ADD CONSTRAINT `registro_recepcion_materia_prima_ibfk_1` FOREIGN KEY (`id_proveedor`) REFERENCES `proveedores_materia_prima` (`id`) ON DELETE CASCADE ON UPDATE CASCADE,
  ADD CONSTRAINT `registro_recepcion_materia_prima_ibfk_2` FOREIGN KEY (`id_responsable`) REFERENCES `empleados` (`id`) ON DELETE CASCADE ON UPDATE CASCADE,
  ADD CONSTRAINT `registro_recepcion_materia_prima_ibfk_3` FOREIGN KEY (`orden`) REFERENCES `producciones` (`id`);

--
-- Filtros para la tabla `registro_recepcion_materia_prima_pesaje`
--
ALTER TABLE `registro_recepcion_materia_prima_pesaje`
  ADD CONSTRAINT `registro_recepcion_materia_prima_pesaje_ibfk_1` FOREIGN KEY (`id_proveedor`) REFERENCES `proveedores_materia_prima` (`id`),
  ADD CONSTRAINT `registro_recepcion_materia_prima_pesaje_ibfk_2` FOREIGN KEY (`id_responsable`) REFERENCES `empleados` (`id`),
  ADD CONSTRAINT `registro_recepcion_materia_prima_pesaje_ibfk_3` FOREIGN KEY (`orden`) REFERENCES `producciones` (`id`);

--
-- Filtros para la tabla `sesiones_usuarios`
--
ALTER TABLE `sesiones_usuarios`
  ADD CONSTRAINT `sesiones_usuarios_ibfk_1` FOREIGN KEY (`id_usuario`) REFERENCES `usuarios` (`id`) ON UPDATE CASCADE;

--
-- Filtros para la tabla `usuarios`
--
ALTER TABLE `usuarios`
  ADD CONSTRAINT `usuarios_ibfk_1` FOREIGN KEY (`id_rol`) REFERENCES `roles` (`id`) ON DELETE CASCADE ON UPDATE CASCADE;

--
-- Filtros para la tabla `variables_proveedor_fritura`
--
ALTER TABLE `variables_proveedor_fritura`
  ADD CONSTRAINT `variables_proveedor_fritura_ibfk_1` FOREIGN KEY (`id_proceso`) REFERENCES `detalle_proveedor_fritura` (`id`) ON UPDATE CASCADE;

--
-- Filtros para la tabla `verificaciones_empaque`
--
ALTER TABLE `verificaciones_empaque`
  ADD CONSTRAINT `verificaciones_empaque_ibfk_1` FOREIGN KEY (`id_responsable`) REFERENCES `empleados` (`id`);

--
-- Filtros para la tabla `verificacion_peso_empaque`
--
ALTER TABLE `verificacion_peso_empaque`
  ADD CONSTRAINT `verificacion_peso_empaque_ibfk_1` FOREIGN KEY (`id_verificacion`) REFERENCES `verificaciones_empaque` (`id`);

--
-- Filtros para la tabla `verificacion_peso_paquete`
--
ALTER TABLE `verificacion_peso_paquete`
  ADD CONSTRAINT `verificacion_peso_paquete_ibfk_1` FOREIGN KEY (`id_verificacion`) REFERENCES `verificaciones_empaque` (`id`);

DELIMITER $$
--
-- Eventos
--
CREATE DEFINER=`root`@`%` EVENT `actualizar_sesiones_vencidas` ON SCHEDULE EVERY 1 MINUTE STARTS '2025-12-24 14:47:20' ON COMPLETION NOT PRESERVE ENABLE DO UPDATE sesiones_usuarios
    SET estado = 0,
        salida = CONVERT_TZ(NOW(), 'UTC', 'America/Bogota')
    WHERE expira_en < CONVERT_TZ(NOW(), 'UTC', 'America/Bogota')
      AND estado = 1$$

DELIMITER ;
COMMIT;

/*!40101 SET CHARACTER_SET_CLIENT=@OLD_CHARACTER_SET_CLIENT */;
/*!40101 SET CHARACTER_SET_RESULTS=@OLD_CHARACTER_SET_RESULTS */;
/*!40101 SET COLLATION_CONNECTION=@OLD_COLLATION_CONNECTION */;
